family,trait,count
viperidae,dorsal head shields,3
viperidae,anterior temporal,1
viperidae,posterior temporal,1
viperidae,suprarostral,3
viperidae,nasal shield,5
viperidae,subcutaneous nasal gland,1
viperidae,ectopterygoid,4
viperidae,palatine-pterygoid articulation,3
viperidae,subcaudals,102
viperidae,parietal,1
viperidae,postorbital,2
viperidae,angular,3
viperidae,top of head,1
viperidae,nasal,12
viperidae,nostril,14
viperidae,eye,21
viperidae,temporals,8
viperidae,supralabials,97
viperidae,infralabials,54
viperidae,sublinguals,5
viperidae,gulars,5
viperidae,proximal ventral scute,1
viperidae,dorsal scales,52
viperidae,ventrals,104
viperidae,anal,10
viperidae,deep black color,1
viperidae,white spots,2
viperidae,transverse bands,3
viperidae,belly,15
viperidae,yellow line,2
viperidae,upper labials,20
viperidae,rostral,28
viperidae,scales,30
viperidae,specimen length,2
viperidae,a. contortrix,1
viperidae,average adult size,2
viperidae,maximum size,3
viperidae,ratio of tail to total length in males,1
viperidae,ratio of tail to total length in females,1
viperidae,anal plate,11
viperidae,midbody scale rows,8
viperidae,subcaudals in males,13
viperidae,subcaudals in females,13
viperidae,ventral scales,42
viperidae,total postoculars + suboculars,3
viperidae,dark crossbands on males,1
viperidae,background color on males,1
viperidae,dark crossbands on females,1
viperidae,cross-bands shape,1
viperidae,crossbands,3
viperidae,head color,14
viperidae,cheek stripe,4
viperidae,northern cottonmouth,1
viperidae,ratio of tail to total length,2
viperidae,postoculars + suboculars,1
viperidae,dark cross-bands,1
viperidae,background color,4
viperidae,vertical rostral stripes,1
viperidae,dark cheek stripe,1
viperidae,pentagonal rostral shield,1
viperidae,frontal shield,2
viperidae,interorbitals,3
viperidae,mid-dorsal scales,3
viperidae,dorsal color,15
viperidae,markings on back of head,1
viperidae,stripe from eye along lower temporals,1
viperidae,blotches on tail,1
viperidae,interstitial skin,5
viperidae,eye color,11
viperidae,ventrum color,3
viperidae,körperbau,1
viperidae,kopf,1
viperidae,schnauzenkante,1
viperidae,schuppen über jedem auge,1
viperidae,schuppenformel,1
viperidae,supralabialen,1
viperidae,sublabialen,1
viperidae,schuppe in einer querreihe zwischen den hörnern,1
viperidae,rinnenschilder,1
viperidae,gularenreihen,1
viperidae,rumpfschuppen,1
viperidae,schildehen,1
viperidae,farbe oben,1
viperidae,farbe unten,1
viperidae,totallänge,1
viperidae,schwanzlänge,1
viperidae,rumpfdicke,1
viperidae,rumpfhöhe,1
viperidae,kopflänge,1
viperidae,kopfbreite,1
viperidae,länge der supraorbitalhörner,1
viperidae,habitus,1
viperidae,body,30
viperidae,ventral and subcaudal counts,1
viperidae,head,54
viperidae,dorsal head scales,6
viperidae,suprarostrals,5
viperidae,transverse dorsal scale rows,1
viperidae,intra-pulmonary bronchus,1
viperidae,internasals,47
viperidae,nasals,5
viperidae,headshields,1
viperidae,interorbital scales,2
viperidae,circumorbitals,3
viperidae,mental,3
viperidae,dorsals,6
viperidae,vertebral markings,1
viperidae,tail tip color,2
viperidae,coloration,9
viperidae,black arrowhead marking,1
viperidae,black lateral stripe,1
viperidae,black dorsal blotches,1
viperidae,tail tip,2
viperidae,juvenile color,2
viperidae,juvenile tail tip,1
viperidae,vertiefung,1
viperidae,schuppen,1
viperidae,vorderen zähne,1
viperidae,anterior scale rows,2
viperidae,type,1
viperidae,caudals,8
viperidae,supraoculars,50
viperidae,interoculars,2
viperidae,subfoveal rows,1
viperidae,total length,34
viperidae,dorsal coloration,5
viperidae,lateral blotches along flank,1
viperidae,posterior-lateral eye stripe,1
viperidae,nasorostrals,2
viperidae,midbody dorsal scale rows,10
viperidae,choanal process on the palatine,1
viperidae,oviparity,1
viperidae,head scales,12
viperidae,loreal shield,1
viperidae,color,8
viperidae,total length males,4
viperidae,total length females,4
viperidae,tail length males,4
viperidae,tail length females,4
viperidae,ventral surface,3
viperidae,pterygoideum,2
viperidae,angulare,2
viperidae,dentale,2
viperidae,quadratum,2
viperidae,trunk vertebrae,2
viperidae,caudal vertebrae,2
viperidae,head scaling,1
viperidae,outermost row of scales on body,1
viperidae,body color,8
viperidae,size,31
viperidae,elongate scales,1
viperidae,dorsal colouration,3
viperidae,scutellation,1
viperidae,asr (an interspecific morphological characteristics),1
viperidae,ventral scale counts (males),1
viperidae,ventral scale counts (females),1
viperidae,supraorbital ridge,1
viperidae,ventral scale counts in both sexes,1
viperidae,msr,9
viperidae,dorsal blotches,13
viperidae,supraorbital 'horns',1
viperidae,colour pattern,5
viperidae,ventral scale counts,5
viperidae,subcaudal counts,2
viperidae,'horns',3
viperidae,colouration,1
viperidae,tails (male),1
viperidae,hemipenes,33
viperidae,ventralia,4
viperidae,body shape,11
viperidae,tail,76
viperidae,scales around the eye,3
viperidae,scales above the eye,1
viperidae,between the eye and the supralabials,1
viperidae,sublabials,4
viperidae,chin shields,1
viperidae,side color,1
viperidae,belly side color,1
viperidae,head + trunk,1
viperidae,lacunolabial,11
viperidae,dorsal keels,10
viperidae,infralabials and gulars,5
viperidae,cream round or c-shaped marks,1
viperidae,canthorostrals,11
viperidae,loreal,20
viperidae,canthals,21
viperidae,postocular stripe,31
viperidae,dorsum color,16
viperidae,dorsal bands,3
viperidae,paraventral stripe,1
viperidae,dorsum,14
viperidae,dorsal surface of head,2
viperidae,row of paraventral spots,1
viperidae,venter,23
viperidae,intersupraoculars,16
viperidae,prelacunal,9
viperidae,ventrals in males,6
viperidae,ventrals in females,7
viperidae,rhinocerophis,3
viperidae,gular scales,4
viperidae,prelacunal scale,2
viperidae,rhinocerophis species,1
viperidae,rhinocerophis itapetiningae,1
viperidae,rhinocerophis ammodytoides,1
viperidae,pattern of subtriangular blotches or french telephone-shaped marks,1
viperidae,black edging of dorsal blotches,1
viperidae,specimens reviewed,1
viperidae,figures on back,1
viperidae,clear borders,1
viperidae,lower mouth area,1
viperidae,male size,3
viperidae,female size,3
viperidae,juvenile males tail tip,1
viperidae,base of tail at cloaca in males,1
viperidae,supralabial scales,9
viperidae,infralabial scales,4
viperidae,loreal scale,1
viperidae,preocular scales,1
viperidae,postocular scales,1
viperidae,dorsal scales at midbody,7
viperidae,subcaudal scales,21
viperidae,dark stripe,1
viperidae,termo-receptors,1
viperidae,mental scale,3
viperidae,rostral scale,8
viperidae,genial scales,2
viperidae,infralabials and gulars pigmentation,1
viperidae,postocular stripes,5
viperidae,venter of b. atrox,1
viperidae,young tail,1
viperidae,aging tail,1
viperidae,t. barnetti,1
viperidae,terminal scute of the tail,1
viperidae,labials,8
viperidae,lower labials,1
viperidae,rows of scales,3
viperidae,tendency of serpent's color,1
viperidae,brown blotches,1
viperidae,belly color,6
viperidae,individuals' color varies,1
viperidae,sub-caudal scales,2
viperidae,intersupraocular scales,3
viperidae,ventral color,7
viperidae,post-ocular stripe,2
viperidae,head pattern,2
viperidae,large dark brown spot,1
viperidae,form,2
viperidae,tl,9
viperidae,color pattern,8
viperidae,dorsal ground color,2
viperidae,occipital area,1
viperidae,postorbital stripe,12
viperidae,iris color,9
viperidae,tongue color,3
viperidae,dorsal pattern,7
viperidae,the configuration of each dorsal marking,1
viperidae,tail pattern,2
viperidae,venter color,11
viperidae,infralabiais,1
viperidae,interoculabials,5
viperidae,bothrops,3
viperidae,bothrops species,1
viperidae,b. moojeni and b. jararacussu,1
viperidae,b. brazili and b. sanctaecrucis,1
viperidae,bothriopsis and bothrops,1
viperidae,bothrops osbornei and bothrops punctatus,1
viperidae,infralabials and some gulars,1
viperidae,scales between internasals,1
viperidae,pattern of bands,1
viperidae,dorsum pattern,5
viperidae,wavy occipital stripe,1
viperidae,bothropoides,1
viperidae,habitat,1
viperidae,interrictals,10
viperidae,posterior dorsal scales,1
viperidae,dorsolateral blotches,9
viperidae,occipital blotches,3
viperidae,postcephalic stripes,5
viperidae,dorsolateral blotches of the trunk,2
viperidae,"venter, labials, and chin",1
viperidae,tail color,18
viperidae,head shape,11
viperidae,neck,3
viperidae,snout,36
viperidae,eyes,12
viperidae,pupil,7
viperidae,hornlike scale above each eye,1
viperidae,scales on upper head,1
viperidae,nostrils,1
viperidae,suboculars row,1
viperidae,rows of dorsal scales at midbody,1
viperidae,lateral scales,4
viperidae,basic colour of the upper side,1
viperidae,darker markings,1
viperidae,tail-tip,1
viperidae,sexual dimorphism,3
viperidae,interocular scales,3
viperidae,horn,1
viperidae,ventrals - male,1
viperidae,ventrals - female,1
viperidae,enlarged supranasal,1
viperidae,the scale bordering the supranasal anteriorly,1
viperidae,cluster of enlarged scales on the mid-occipital region,1
viperidae,tail / total length,1
viperidae,eye & supralabials distance,1
viperidae,scales on dorsal side of head,1
viperidae,tail color and length,1
viperidae,female tail,1
viperidae,male tail,1
viperidae,animals from the western mediterranean coastal plain,1
viperidae,ventrals and supralabials,1
viperidae,preoculars,16
viperidae,supraocular above eye,1
viperidae,canthals and internasals,1
viperidae,crown of head,2
viperidae,keeling in parietal area,1
viperidae,second supralabial,3
viperidae,supralabial and subocular series,1
viperidae,middorsal dorsal scale rows,1
viperidae,mid-dorsal scales at midbody,1
viperidae,undivided subcaudals,5
viperidae,tail spine,3
viperidae,lateral edge of nasal,1
viperidae,frontal bones,3
viperidae,postfrontal,3
viperidae,posterolateral edges of dorsal surface of parietals,1
viperidae,junction between parietal and prootic,1
viperidae,squamosal,1
viperidae,dorsal surface of parietal,2
viperidae,palatine teeth,8
viperidae,pterygoid teeth,6
viperidae,dentary teeth,5
viperidae,maxillary fang,3
viperidae,fang at rest,1
viperidae,head size,1
viperidae,canthal ridge,3
viperidae,scales across the top of the head,2
viperidae,scales in the frontal region between supraoculars,1
viperidae,prefoveals,11
viperidae,subfoveals,6
viperidae,middorsal scale rows,3
viperidae,cloacal scute,2
viperidae,anterior frontals,1
viperidae,superciliaries,1
viperidae,dorsal rows,5
viperidae,dorsal lozenges,1
viperidae,above color,1
viperidae,subhexagonal patches,1
viperidae,rhomboids,1
viperidae,lateral rows of scales,1
viperidae,intersuperciliary scales,1
viperidae,beneath color,1
viperidae,tail blotches,2
viperidae,postcanthal,1
viperidae,preocular,5
viperidae,first infralabials,1
viperidae,punctations on the dorsal ground color,1
viperidae,ground color,14
viperidae,blotches and spotting,1
viperidae,proximal rattle segment,1
viperidae,posterior body crossbands,1
viperidae,lacunal(s),1
viperidae,scale rows,4
viperidae,loreals,7
viperidae,postfoveals,4
viperidae,rattle,10
viperidae,snakes of the genus crotalus,1
viperidae,position of the facial pit,1
viperidae,dorsal head plates,1
viperidae,crotalus lepidus,1
viperidae,bands on the tail,1
viperidae,the bands,1
viperidae,small spots or irregular gray mottling,1
viperidae,pinkish brown stripe,1
viperidae,dorsal body scales,3
viperidae,dorsal body scales rows,1
viperidae,scales in the internasal-prefrontal area,1
viperidae,prenasal,1
viperidae,postnasal,1
viperidae,postoculars,19
viperidae,suboculars,5
viperidae,hemipenis,19
viperidae,sulcus spermaticus,2
viperidae,spines per lobe,1
viperidae,fringes per lobe,1
viperidae,males,4
viperidae,females,2
viperidae,adult males,1
viperidae,dark gray or brown stripe,1
viperidae,mottled dorsal body pattern,1
viperidae,dorsal series of spots,1
viperidae,ventrals and caudals,1
viperidae,upper preocular,6
viperidae,dorsal spots,4
viperidae,lateral spots,2
viperidae,proximal rattle,1
viperidae,head length,3
viperidae,dorsal body scale rows,1
viperidae,tail scale rows,1
viperidae,fringe scales around first rattle,1
viperidae,anterior subocular,2
viperidae,pair of infralabials,1
viperidae,genials,3
viperidae,five gulars,1
viperidae,one row of lateral spots,1
viperidae,proximate rattle,1
viperidae,muzzle,1
viperidae,scales between superciliaries,1
viperidae,frontal plates,1
viperidae,inter superciliary,1
viperidae,scales between the labials and suborbital row,1
viperidae,dorsal rows of scales,1
viperidae,general color,2
viperidae,a series of chestnut-brown transverse lozenges,1
viperidae,centres of lozenges,1
viperidae,anterior nasal,2
viperidae,scales on top of head,2
viperidae,suborbitals,1
viperidae,along the back,1
viperidae,scales exterior to the lozenges,1
viperidae,superciliaries and scales anterior to them,1
viperidae,individual scale,1
viperidae,scale rows between supraoculars,1
viperidae,large plates between the anterior portion of the supraoculars,1
viperidae,smaller plates behind anterior portion of supraoculars,1
viperidae,a definite suture on top of the head,1
viperidae,number of scales in front of the suture,1
viperidae,postnasals,1
viperidae,upper loreal,1
viperidae,postocular pale stripe,1
viperidae,dorsal body blotches,7
viperidae,dark tail bands,1
viperidae,color of the dark tail bands,1
viperidae,"pale, unicolored scales",1
viperidae,distal dark tail bands,2
viperidae,color of the proximal lobe of rattle matrix,1
viperidae,upper part of proximal lobe of rattle matrix,1
viperidae,crotalus,1
viperidae,first pair of lower labials,1
viperidae,length of body,1
viperidae,supra labials,2
viperidae,inferior labials,1
viperidae,dorsal region,1
viperidae,supraocular,7
viperidae,occiput,2
viperidae,prominent white flashmarks on the head,1
viperidae,dorsal scale count at midbody,1
viperidae,number of subcaudals,4
viperidae,abundance of melanophore fine-stippling on the surfaces of the head,1
viperidae,head and neck distinction,1
viperidae,eye pupil,1
viperidae,circumocular scales,2
viperidae,rows of scales separating the circumocular scales from the upper labials,1
viperidae,longitudinal rows of scales at midbody,2
viperidae,spots or blotches color,1
viperidae,longitudinal stripe,1
viperidae,vertebral and lateral series,1
viperidae,underbelly color,1
viperidae,underbelly markings,1
viperidae,upper head-shields,1
viperidae,frontal,1
viperidae,upper præocular,1
viperidae,postocular and subocular,1
viperidae,lower temporals,1
viperidae,markings,2
viperidae,streak,1
viperidae,below,1
viperidae,spots,1
viperidae,lateral series of blotches,1
viperidae,scale counts,1
viperidae,scales over eyes,1
viperidae,light wavy stripes on the sides,1
viperidae,white stripes on the back,1
viperidae,crosslike figure on top,1
viperidae,costals at midbody,1
viperidae,v,3
viperidae,sc,18
viperidae,circum-orbital scales,1
viperidae,scales separating supraoculars,1
viperidae,scales between eye and labial,1
viperidae,scales between nasal and eye,1
viperidae,numerous dark brown cross spots on the back,1
viperidae,one to three rows of smaller dark brown spots on body sides,1
viperidae,the light wavy line above the smaller dark brown spots,1
viperidae,pholidosis (scale arrangement),1
viperidae,gular scales under the head,1
viperidae,scales around the nostrils,1
viperidae,dark grey blotches on the head,1
viperidae,dark grey blotches on the back,1
viperidae,dark grey blotches on the flanks,1
viperidae,rostro-nasal shield,1
viperidae,body scales,8
viperidae,scale keels,2
viperidae,sub-caudals,1
viperidae,apical pits,3
viperidae,dark transverse bands,4
viperidae,pre-and postoculars,1
viperidae,ventral scales (v+prev),1
viperidae,light bands around the body,1
viperidae,light bands around the body and the tail,1
viperidae,body dorsal surface color,1
viperidae,prefrontals,4
viperidae,canthal shield,1
viperidae,inferior temporals,1
viperidae,v. males,1
viperidae,gemales,1
viperidae,c. males,1
viperidae,tip of hemipenis,1
viperidae,remainder of hemipenis,1
viperidae,spines on hemipenis,1
viperidae,sulcus lips,1
viperidae,color (above),1
viperidae,"spots, wavy cross-bars",1
viperidae,interspaces between the cross-bars,1
viperidae,temporal stripe,1
viperidae,upper lip color,1
viperidae,below color,1
viperidae,total length (qianshanensis),1
viperidae,three palatine teeth,1
viperidae,postorbital stripe width,1
viperidae,mid-body dorsal scales (qianshanensis),1
viperidae,ventral scales (qianshanensis),1
viperidae,subcaudals (qianshanensis),1
viperidae,dorsum color (qianshanensis),1
viperidae,dorsum pattern (qianshanensis),1
viperidae,postorbital stripe color (qianshanensis),1
viperidae,postorbital stripe width (qianshanensis),1
viperidae,stripes over dorsal scales (qianshanensis),1
viperidae,dorsum of the head,2
viperidae,head of l. muta,1
viperidae,dorsal blotches in lachesis muta,1
viperidae,parietals,6
viperidae,distal subcaudals,2
viperidae,distal subcaudal scales,1
viperidae,ventral scales in females,10
viperidae,ventral scales in males,7
viperidae,viper,3
viperidae,length,3
viperidae,scales on the sides of snout and head,1
viperidae,nasal plate,1
viperidae,pit on the nasal plate,1
viperidae,top of the head,1
viperidae,subocular scales,1
viperidae,rows of dorsal scales,2
viperidae,ventral plates,2
viperidae,anal scute,2
viperidae,subcordals,1
viperidae,overall coloration,9
viperidae,marbled colors,1
viperidae,body spots,1
viperidae,head side,1
viperidae,subcaudals male,1
viperidae,subcaudals female,1
viperidae,maximum length,2
viperidae,relative tail length in male,1
viperidae,relative tail length in female,1
viperidae,dorsal scale rows,10
viperidae,microornamentation,1
viperidae,vomerine process of premaxilla,1
viperidae,skull ectopterygoid,1
viperidae,postorbital bone,2
viperidae,splenial,2
viperidae,scales on head,2
viperidae,intemasals,1
viperidae,interocunasals,2
viperidae,scale,1
viperidae,scales forming inner edge of pit,1
viperidae,rows between pit and eye,1
viperidae,"""horn""",1
viperidae,rows of scales between horns,1
viperidae,supralabials and infralabials,4
viperidae,one pair of chinshields,1
viperidae,general ground color,1
viperidae,blotches,2
viperidae,upper surface of head,2
viperidae,dorsal surface of tail,1
viperidae,ventral and caudal counts,1
viperidae,tails,2
viperidae,scale above eye,1
viperidae,supralabial,3
viperidae,distance from the mouth,1
viperidae,upper head scales,3
viperidae,upper body color,1
viperidae,lower body color,1
viperidae,stripe behind the eye,1
viperidae,tail length,9
viperidae,ventrals in paratype,1
viperidae,subcaudals in paratype,1
viperidae,first upper labial,7
viperidae,longitudinal rows at midbody,2
viperidae,ventrals and subcaudals in different areas,1
viperidae,total length (males),4
viperidae,total length (females),3
viperidae,tail length (males),2
viperidae,tail length (females),2
viperidae,third supralabial,5
viperidae,sharp raised angle,1
viperidae,upper head-scales,3
viperidae,number of scales between supraoculars,1
viperidae,temporal scales,10
viperidae,ventral,3
viperidae,cross-bands,2
viperidae,surface of head,1
viperidae,sides of head,2
viperidae,temple,1
viperidae,lower parts color,1
viperidae,blackish blotches,1
viperidae,fourth supralabial,2
viperidae,ventral count,2
viperidae,dark dorsal blotches,2
viperidae,blotch outline color,1
viperidae,vertebral line color,1
viperidae,head mark,1
viperidae,side of head color,2
viperidae,side of head line color,1
viperidae,chin color,1
viperidae,scale rows at midbody,4
viperidae,ventral in males,1
viperidae,ventral in females,1
viperidae,interna• sals characteristic,1
viperidae,intercanthals,5
viperidae,postcanthals,1
viperidae,interictals,2
viperidae,oculabials,1
viperidae,the loreal,1
viperidae,hemipenis features,1
viperidae,other anatomical features,1
viperidae,canthal,1
viperidae,scale rows at vent,1
viperidae,thermosensitive pit,1
viperidae,p. ophryomegas,1
viperidae,supraocular scale,2
viperidae,scales row between chinshields and first preventral,1
viperidae,p. ophryomegas tail,1
viperidae,dorsal surfaces,2
viperidae,superciliary scales,2
viperidae,dorsal scale rows at midbody,12
viperidae,canthals on each side,1
viperidae,tip of snout,1
viperidae,lower preoculars,1
viperidae,scutes on top of head,1
viperidae,bands on body,1
viperidae,supraocular shields,1
viperidae,intrapulmonary bronchus,1
viperidae,supraocular shield,1
viperidae,circumorbital scales,1
viperidae,scales between supraoculars,5
viperidae,outermost row,1
viperidae,ventral smooth,1
viperidae,"organ, below bifurcation",1
viperidae,basal half,1
viperidae,distal half,1
viperidae,tip of organ,1
viperidae,sulci,1
viperidae,terminal awn at tip of organ,1
viperidae,snout length,1
viperidae,head above,1
viperidae,first labial,1
viperidae,small scales,2
viperidae,ventral scales - males,1
viperidae,ventral scales - females,1
viperidae,subcaudals - males,1
viperidae,subcaudals - females,1
viperidae,total length - males,1
viperidae,total length - females,1
viperidae,tail length - males,1
viperidae,tail length - females,1
viperidae,scales at midbody,4
viperidae,canthus rostralis,10
viperidae,upper labial,1
viperidae,second upper labial,4
viperidae,spots on sides,1
viperidae,vertebral spot,1
viperidae,lower parts,1
viperidae,scales on upper surface of head,1
viperidae,scales on line between upper preocular and nasal,1
viperidae,small scales between upper labials and subocular,1
viperidae,rows of temporal scales above upper labials,1
viperidae,rows of temporal scales,1
viperidae,dorsal series of large brown spots or blotches,1
viperidae,lateral series of smaller spots,1
viperidae,snout to vent length (svl),3
viperidae,anterior dorsal scale rows (dsr),2
viperidae,mid body scale rows (msr),2
viperidae,posterior scale rows (psr),3
viperidae,dorsal surface of the head,5
viperidae,subocular,5
viperidae,nasal scale,5
viperidae,anal scale,6
viperidae,subcaudals scales,5
viperidae,terminal scale on the tail,4
viperidae,preocular/temporal stripe,1
viperidae,post ocular stripe,1
viperidae,ventrals color,2
viperidae,nape markings,1
viperidae,scale-covered horn-like projections,1
viperidae,scale-covered tubercle,1
viperidae,tip of tail,1
viperidae,greatest body diameter,1
viperidae,diameter of neck,1
viperidae,greatest width of head,1
viperidae,pupil of eye,1
viperidae,keels on body scales,1
viperidae,diameter of the eye,1
viperidae,scales on top of the head,1
viperidae,erect horn-like scale above the eye,1
viperidae,scales between the horns,1
viperidae,scales round the eye,1
viperidae,a pair of large anterior genials,1
viperidae,snout-vent length,1
viperidae,crown shields,3
viperidae,supralabial number,1
viperidae,animal size,1
viperidae,dark dorsal body blotches,1
viperidae,rows of dark spots on sides,1
viperidae,vertebral stripe,2
viperidae,individuals,1
viperidae,bar from eye,1
viperidae,stripes on the back of the head,1
viperidae,scale rows near the vent,1
viperidae,side of the head,2
viperidae,males ventrals,2
viperidae,males subcaudals,1
viperidae,males dark tail bands,1
viperidae,males tls,1
viperidae,females ventrals,2
viperidae,females subcaudals,1
viperidae,females dark tail bands,1
viperidae,females tls,1
viperidae,color (miliarius),1
viperidae,head pattern (miliarius),1
viperidae,lateral spots (miliarius),1
viperidae,anterior and midbody scale rows (miliarius),1
viperidae,ventral spots (miliarius),1
viperidae,coloration (barbouri),1
viperidae,head pattern (barbouri),1
viperidae,rows of dark blotches on each side of the main series (barbouri),1
viperidae,ventral surface (barbouri),2
viperidae,number of ventrals (barbouri),1
viperidae,scale row formula (barbouri),1
viperidae,total length (barbouri),1
viperidae,length of tail (barbouri),1
viperidae,top of head (barbouri),2
viperidae,shields on the top of the head (barbouri),1
viperidae,rostral (barbouri),1
viperidae,preoculars (barbouri),1
viperidae,loreal (barbouri),1
viperidae,subocular on each side (barbouri),1
viperidae,supralabials (barbouri),1
viperidae,infralabials (barbouri),1
viperidae,temporals (barbouri),1
viperidae,chin shields (barbouri),1
viperidae,ventral scute (barbouri),1
viperidae,caudals (barbouri),1
viperidae,anal plate (barbouri),1
viperidae,dorsal ground color (barbouri),1
viperidae,labials (barbouri),1
viperidae,stripe from the eye to the back of the head (barbouri),1
viperidae,mid-dorsal series of blotches from neck to base of tail (barbouri),1
viperidae,anterior scale rows (streckeri),1
viperidae,pattern (streckeri),1
viperidae,ventral surface (streckeri),2
viperidae,average number of ventrals (streckeri),1
viperidae,crown (streckeri),1
viperidae,rostral (streckeri),1
viperidae,anterior subocular (streckeri),1
viperidae,postoculars (streckeri),1
viperidae,supralabials (streckeri),1
viperidae,infralabials (streckeri),1
viperidae,temporals (streckeri),1
viperidae,ventral scutes (streckeri),1
viperidae,subcaudal scales (streckeri),1
viperidae,total length (streckeri),1
viperidae,length of tail (streckeri),1
viperidae,dorsal pattern (streckeri),1
viperidae,cheek stripe (streckeri),1
viperidae,body pattern (streckeri),1
viperidae,total prefoveals,3
viperidae,dorsoventral width of proximal rattle segment,1
viperidae,tail bands,4
viperidae,parietal scales,3
viperidae,tail bands in males,2
viperidae,tail bands in females,2
viperidae,dorsal scales usually at midbody,1
viperidae,ventrolateral stripe,17
viperidae,end of tail color,1
viperidae,ventrals: males,1
viperidae,ventrals: females,1
viperidae,subcaudals: males,1
viperidae,subcaudals: females,1
viperidae,total length: males,1
viperidae,total length: females,1
viperidae,tail length: males,1
viperidae,tail length: females,1
viperidae,cephalic scales,13
viperidae,female color,1
viperidae,male color,1
viperidae,overall pattern,1
viperidae,males' background colour,1
viperidae,males' dorsolateral blotches,1
viperidae,females' pattern,2
viperidae,dsr at midbody,12
viperidae,2nd supralabial,3
viperidae,ven,17
viperidae,occipital and temporal scales,7
viperidae,il of the first pair,4
viperidae,adult females,1
viperidae,overall brown coloration,1
viperidae,darker crossbands,3
viperidae,elongated darker dorsolateral blotches,1
viperidae,subrectangular or subtriangular dark greyish-brown blotche,1
viperidae,ventral tips and 1st–2nd dsr,1
viperidae,loreal pit,5
viperidae,supralabial below the eye,1
viperidae,head spots,1
viperidae,scales in a line between supraoculars,1
viperidae,ventrals (males),3
viperidae,ventrals (females),3
viperidae,subcaudals (males),3
viperidae,subcaudals (females),3
viperidae,paired shields,1
viperidae,ventrolateral stripe color (males),1
viperidae,scales on head and chin,2
viperidae,light stripe,2
viperidae,outer scale row,1
viperidae,hematopenes,1
viperidae,ventral scale count,3
viperidae,anterior dorsal scale rows(dsr),1
viperidae,mid-body scale rows (msr),1
viperidae,head/dorsum color,1
viperidae,saddle shaped markings on the dorsum,1
viperidae,preocular/ temporal stripe,1
viperidae,possession of hemipenis,1
viperidae,dorsolateral spots,1
viperidae,pale ventrolateral stripe,1
viperidae,1st supralabial,11
viperidae,tail ratio tal/tl,1
viperidae,postocular streak,7
viperidae,anterior part of body and tail color,1
viperidae,body color variation,1
viperidae,total length of species,1
viperidae,ratio tal/tl,1
viperidae,dsr,8
viperidae,dorsum color in juveniles,1
viperidae,genus peltopelor,1
viperidae,v. male,2
viperidae,v. female,2
viperidae,c. male,2
viperidae,c. female,2
viperidae,interstitial skin and under surface of the scales,1
viperidae,a line along scale-row 1,1
viperidae,upper lip,1
viperidae,total length male,1
viperidae,length of male tail,1
viperidae,total length female,1
viperidae,length of female tail,1
viperidae,lateral stripe,2
viperidae,first supralabial and nasal scale,2
viperidae,population,1
viperidae,divergence at cyt b and 16s,1
viperidae,neotype,1
viperidae,svl,13
viperidae,temporal scales and cephalic scales in the posterior sides above the mandibular joint,1
viperidae,first pair of genials,1
viperidae,colours,1
viperidae,psr,2
viperidae,supplabials,1
viperidae,colour morphs,1
viperidae,first upper labials,3
viperidae,bicolored ventrolateral stripe,1
viperidae,tail sides,1
viperidae,19 msr,1
viperidae,facial pit,1
viperidae,internasal scale,1
viperidae,vertebral spots,3
viperidae,female p. buniana,1
viperidae,21 msr,2
viperidae,overall color,2
viperidae,overall coloration in males,1
viperidae,vertebral row,2
viperidae,occipital scales,4
viperidae,overall grey or brown pattern,1
viperidae,males pattern,1
viperidae,females pattern,1
viperidae,male pattern compared to female,1
viperidae,2nd supralabials,3
viperidae,last costal row,1
viperidae,first upper labial scale,1
viperidae,dorsal body color,4
viperidae,ventral body color,2
viperidae,number of ventral scales in males,1
viperidae,number of ventral scales in females,1
viperidae,number of subcaudal scales in males,1
viperidae,number of subcaudal scales in females,1
viperidae,total length of males,1
viperidae,total length of females,1
viperidae,tail length of males,1
viperidae,tail length of females,1
viperidae,distinct light stripe,1
viperidae,indistinct dark bars or zig-zag lines,1
viperidae,color above,3
viperidae,color below,3
viperidae,ventral shield,1
viperidae,colors,1
viperidae,longitudinal rows of scales on neck,1
viperidae,single narrow supraocular,1
viperidae,number of rows of scales,1
viperidae,colour,1
viperidae,dorso-lateral spots,1
viperidae,pale green below,1
viperidae,temporal streak,1
viperidae,"tip of snout, end of tail",1
viperidae,the paratype,1
viperidae,body colour in adult females,1
viperidae,body colour in males and juveniles,1
viperidae,yellow crossbands,1
viperidae,white crossbars,1
viperidae,postocular stripe in adult females,1
viperidae,postocular stripe in males and juveniles,1
viperidae,belly in adult females,1
viperidae,belly in males and juveniles,1
viperidae,dorsal scale rows at midbody (dsr),1
viperidae,ventrals (ven),1
viperidae,subcaudals (sc),1
viperidae,nasal pore,2
viperidae,snout and head,1
viperidae,coloration in juveniles,1
viperidae,colouring,1
viperidae,♂♂ (males),1
viperidae,♀♀ (females),1
viperidae,dorsal scales at mid-trunk,1
viperidae,reduction in linear size of the trunk and in body volume,1
viperidae,diet,1
viperidae,snakes,1
viperidae,species length,1
viperidae,largest scutes,1
viperidae,nasal scute,1
viperidae,ventral scutes,3
viperidae,subcaudal,1
viperidae,species,1
viperidae,melanistic morphs,1
viperidae,dorsal blotch,1
viperidae,ventral count in females,1
viperidae,ventral count in males,1
viperidae,apicals,2
viperidae,scales in first circumocular rings,1
viperidae,intercanthals and inter-supraoculars,1
viperidae,"three apicals, nine supralabials, preocular not in contact with nasal, first circumocular rings with 21 or more scales, two scale rows between eye and supralabials",1
viperidae,size of snake (uzumorum),1
viperidae,back color (uzumorum),1
viperidae,zigzag (uzumorum),2
viperidae,supralabials (uzumorum),1
viperidae,apicals (uzumorum),1
viperidae,"number of loreals, canthals, apicals, preventrals, and subcaudal shields (uzumorum)",1
viperidae,number of supralabials (uzumorum),1
viperidae,belly (uzumorum),1
viperidae,size of snake (kumlutasi),1
viperidae,number of zigzag wings (kumlutasi),1
viperidae,number of sublabials (kumlutasi),1
viperidae,zigzag (kumlutasi),1
viperidae,belly (kumlutasi),1
viperidae,size of snake (olguni),1
viperidae,"sizes of trunk, body, tail (olguni)",1
viperidae,"number of preventrals, sublabials, wings of zigzag; scales round a neck and middle of body; supralabials, crown shields (olguni)",1
viperidae,zigzag (olguni),1
viperidae,belly (olguni),1
viperidae,length of pileus (males),1
viperidae,width of head (males),1
viperidae,numbers of ventral and subcaudal shields (males),1
viperidae,shields around eyes (males),1
viperidae,body length (females),1
viperidae,length of pileus (females),1
viperidae,width of head (females),1
viperidae,number of shields around eyes and loreals (females),1
viperidae,number of zigzag wings (females),1
viperidae,individual vipers from the left-bank basin of the middle flow of the kura river,1
viperidae,dorsal surface (males),1
viperidae,dorsal surface (females),1
viperidae,zigzag pattern (females),1
viperidae,zigzag pattern (males),1
viperidae,throat of both sexes,1
viperidae,belly of both sexes,1
viperidae,lower part of the tail in both sexes,1
viperidae,lower part of the tail (males),1
viperidae,lower part of the tail (females),1
viperidae,ventral shields,2
viperidae,svl of v. l. latastei,1
viperidae,periocular scales of v. l. latastei,1
viperidae,subcaudal scales of v. l. latastei,1
viperidae,zigzag dorsal patterns of v. l. latastei,1
viperidae,dorsal marks of v. l. latastei,1
viperidae,svl of v. l. arundana,1
viperidae,periocular scales of v. l. arundana,1
viperidae,subcaudal scales of v. l. arundana,1
viperidae,zigzag dorsal patterns of v. l. arundana,1
viperidae,dorsal marks of v. l. arundana,1
viperidae,svl of v. l. gaditana,1
viperidae,periocular scales of v. l. gaditana,1
viperidae,subcaudal scales of v. l. gaditana,1
viperidae,zigzag dorsal patterns of v. l. gaditana,1
viperidae,dorsal marks of v. l. gaditana,1
viperidae,number of intercanthal + intrasupraocular scales,1
viperidae,periocular scales,1
viperidae,number of dorsal marks,1
viperidae,vipera m. atlantica,1
viperidae,v. m. saintgironsi,1
viperidae,continent males,1
viperidae,rows of bilateral circumocular scales,1
viperidae,rows of anterior dorsal scales,1
viperidae,ventral semilunar spots,1
viperidae,rows of anterior scales,1
viperidae,scales at mid-trunk,1
viperidae,scales to the rear,1
viperidae,dark subocular spot,1
viperidae,black specks on the pileus,1
viperidae,defensive reactions,1
viperidae,dorsal scales rows,1
viperidae,midbody dorsal scales rows,1
viperidae,posterior part dorsal scales rows,1
viperidae,whiteness between blackish spots,1
viperidae,females skin color,1
viperidae,whiteness between blackish spots in male specimens,1
viperidae,spotting and colorization under the head,1
viperidae,spots on ventrals,1
viperidae,colorization at the end of body,1
viperidae,tail tips,1
viperidae,tail tip in other m. xanthina populations,1
viperidae,number of series of circumocular scales,1
viperidae,number of rows of dorsal scales,1
viperidae,subcaudalia,1
viperidae,head and body,2
viperidae,elongated longitudinal keel,1
viperidae,occipital region,1
viperidae,unspecified body parts,1
viperidae,subcaudal plates,1
viperidae,supralabials (specifically numbers 4 and 5),1
viperidae,true loreal,1
viperidae,first pair of infralabials,1
viperidae,paravertebral vertical bars,1
viperidae,paraventral stripes,1
viperidae,females svl,1
viperidae,male svl,1
viperidae,postocular streak color,2
viperidae,ventrolateral stripe color,3
viperidae,vertebral spots in males,1
viperidae,taltl in females,1
viperidae,heads,1
viperidae,first supralabial,6
viperidae,ventrolateral stripes colors,1
viperidae,vertebral spots color,1
viperidae,number of ventrals,4
viperidae,coloration in males,1
viperidae,coloration in females,1
viperidae,postocular stripe in males,2
viperidae,postocular stripe in females,1
viperidae,ventrolateral stripe in males,3
viperidae,ventrolateral stripe in females,3
viperidae,eye color in males,1
viperidae,eye color in females,1
viperidae,tail in males,2
viperidae,tail in females,2
viperidae,upper surface of the tail,1
viperidae,upper snout scales,1
viperidae,tree viper,1
viperidae,iod / sed,1
viperidae,head and neck scales,1
viperidae,keels,4
viperidae,pairs of sublinguals,1
viperidae,scale rows around mid-body,1
viperidae,number and arrangement of suprarostrals (sro),1
viperidae,head and neck scales shape,1
viperidae,snout size and eye size,1
viperidae,iod/sed index,1
viperidae,mid-dorsal scale rows (msr) in the holotype,1
viperidae,maximum transverse head scale count (mths),1
viperidae,number of dorsal scale rows at mid-body,1
viperidae,dorsal scalation,1
viperidae,number of scale rows at mid-body,1
viperidae,interorbitals (ios),1
viperidae,scale tips and keels color,1
viperidae,rows of scales between the eye and the nasal,1
viperidae,upper lips,3
viperidae,chin and throat,1
viperidae,tl in males,1
viperidae,tl in females,1
viperidae,ventrolateral stripes,3
viperidae,scales between the supraoculars,1
viperidae,tail average in females and ratio tal/tl,1
viperidae,scales between 3rd sl and subocular,1
viperidae,supraocular scales,2
viperidae,snl/hl ratio,1
viperidae,lack of sexual dimorphism,1
viperidae,dorsal coloration of the tail,1
viperidae,eye coloration,1
viperidae,suture between nasals and upper labials,1
viperidae,svl in males,1
viperidae,svl in females,2
viperidae,nasal and first supralabial,1
viperidae,tal in males,1
viperidae,tal in females,1
viperidae,tal/tl in males,1
viperidae,tal/tl in females,1
viperidae,palatine,1
viperidae,pterygoid,1
viperidae,maxilla,1
viperidae,body in males,1
viperidae,postocular strip in males,1
viperidae,tail in both sexes,1
viperidae,ventrolateral aspect of the tail in males,1
viperidae,eyes of both sexes,1
viperidae,dorsal body of yingjiangensis,1
viperidae,bicolor ventrolateral stripe on each side of males of yingjiangensis,1
viperidae,eyes of yingjiangensis,1
viperidae,tail of yingjiangensis,1
viperidae,hemipenes of yingjiangensis,1
viperidae,dsr of yingjiangensis,1
viperidae,ven of yingjiangensis,1
viperidae,sc of yingjiangensis,1
viperidae,tal/tl of yingjiangensis,1
viperidae,color above and below,1
viperidae,end of tail,2
viperidae,snout profile,1
viperidae,scales along the lateral aspects,1
viperidae,postocular,1
viperidae,sl,3
viperidae,il,2
viperidae,pv,2
viperidae,coloration in alcohol,1
viperidae,mental and gular regions,1
viperidae,posterior parts of subcaudals,1
viperidae,white streak,1
viperidae,white ventrolateral stripe,1
viperidae,tal,2
viperidae,hl,2
viperidae,hw,2
viperidae,background colour in males,1
viperidae,irregular dorsolateral blotches,1
viperidae,"irregular, elongated blotch",1
viperidae,background colour between the blotches,1
viperidae,pattern in females,1
viperidae,females color,1
viperidae,darker blotches in females,1
viperidae,pattern in males,1
viperidae,snout(from the side),1
viperidae,snout(from the above),1
viperidae,ven in males,1
viperidae,ven in females,1
viperidae,il of first pair,1
viperidae,dorsal scale microdermatoglyphic pattern,2
viperidae,dorsal markings,1
viperidae,ground,1
viperidae,ground bordered,1
viperidae,pre- and postocular stripe,2
viperidae,labial pattern,3
viperidae,large brown spot,1
viperidae,dorsal body pattern,3
viperidae,light interspaces of body pattern,1
viperidae,base of tail,1
viperidae,number of dorsal scale rows at midbody,2
viperidae,dorsal head color,2
viperidae,pattern,4
viperidae,males' background color,1
viperidae,areas between blotches,1
viperidae,ventral scales (ven),1
viperidae,subcaudal count (sc),1
viperidae,background colour,1
viperidae,keeling,1
viperidae,scales on the snout,2
viperidae,3rd sl,1
viperidae,3rd sl and subocular,1
viperidae,body background coloration in males,1
viperidae,body background coloration in females,1
viperidae,occipital scales in males,1
viperidae,occipital scales in females,1
viperidae,tl/t,1
viperidae,distal pairs,1
viperidae,lateral dorsal caudal scales,1
viperidae,several rows of lateral dorsal scales,1
viperidae,body bands,1
viperidae,svl in a male,1
viperidae,tal/svl ratio in females,1
viperidae,tal/svl ratio in the single male,1
viperidae,dorsal scales rows at midbody,1
viperidae,ventral scales in the single male,1
viperidae,subcaudal scales in females,3
viperidae,subcaudal scales in the single male,1
viperidae,third and fourth supralabials,1
viperidae,anteriormost subcaudals,1
viperidae,body pattern,1
viperidae,base color,1
viperidae,blotches color,2
viperidae,blotches features,1
viperidae,blotches positioning,1
viperidae,blotches size,1
viperidae,number of half-bands,1
viperidae,lateral belly color,1
viperidae,crown and parietal region,1
viperidae,loreals shape,1
viperidae,paired apical pits,1
viperidae,supralabials color,1
viperidae,head dorsal markings,1
viperidae,throat color,2
viperidae,dorsal rhombuses,1
viperidae,inverted triangles color,1
viperidae,vertebral and paravertebral scale rows,1
viperidae,maximum total length for males in ecuador,1
viperidae,maximum total length for females in ecuador,1
viperidae,maximum total length reported for the species,1
viperidae,ground color in hatchlings and juveniles,1
viperidae,rhombuses or triangles,1
viperidae,tail color in hatchlings and juveniles,1
viperidae,anterior half of the mouth,1
viperidae,borders of the dorsolateral blotches,2
viperidae,dorsolateral blotches in the trunk,3
viperidae,keels of dorsal scales,1
viperidae,borders of dorsolateral blotches,1
viperidae,transverse saddles,1
viperidae,scales between subocular and 4th supralabial,1
viperidae,central intersupraoculars,1
viperidae,modes of dorsolateral blotches,1
viperidae,spots under the eye,1
viperidae,dorsolateral blotches of the body,1
viperidae,last dorsolateral blotches of the trunk,1
viperidae,interspaces between two consecutive blotches,1
viperidae,labial fissure,1
viperidae,oblique occipital blotches,1
viperidae,blotches between two consecutive dorsolateral blotches,1
viperidae,ground coloration,1
viperidae,more common coloration,1
viperidae,dark markings,2
viperidae,white margins,1
viperidae,pair of occipital blotches,1
viperidae,melanism in the head,1
viperidae,"canthus rostralis, snout",1
viperidae,occipital stripes,1
viperidae,"midbody dorsal scale rows, ventrals, subcaudals",1
viperidae,"ventrals, subcaudals",2
viperidae,head blotch,1
viperidae,each dorsolateral blotch,1
viperidae,iris,5
viperidae,tail tip in juveniles,2
viperidae,lobes of hemipenis,1
viperidae,female,1
viperidae,male,1
viperidae,lateral body blotches,2
viperidae,female subcaudals,3
viperidae,male subcaudals,3
viperidae,posterior third of body venter,1
viperidae,underside of the tail,1
viperidae,subocular spot,1
viperidae,dark spot below the pit,1
viperidae,venter of body,1
viperidae,enlarged supraocular scales,1
viperidae,lanceolate or acuminate scales on top of the head,2
viperidae,keeled gular scales,1
viperidae,transverse head scales,1
viperidae,midbody scale rows (msr),1
viperidae,lateral body scales,1
viperidae,ventral counts,1
viperidae,svl adult male,1
viperidae,lcd adult male,1
viperidae,svl female,1
viperidae,lcd female,1
viperidae,ventral scales (v),1
viperidae,subcaudal scales (scd),1
viperidae,scale row counts,1
viperidae,head shields,1
viperidae,rostral shield,1
viperidae,symphysial,1
viperidae,anterior genial shields,1
viperidae,posterior genial shields,1
viperidae,body and tail,3
viperidae,lateral blotches and spots,1
viperidae,labials in males,1
viperidae,dorsal zigzag band,1
viperidae,number of dorsal windings,1
viperidae,loreal number,2
viperidae,circumoculars,3
viperidae,crown scales,4
viperidae,supralabials on each side,1
viperidae,posterior supralabials,1
viperidae,supralabial below orbit,1
viperidae,sublabials on each side,1
viperidae,mental scales,2
viperidae,dorsal scale row reduction,2
viperidae,rows on neck,1
viperidae,rows at midbody,1
viperidae,ventral number,1
viperidae,taxon,1
viperidae,number of supralabials,1
viperidae,number of scales,1
viperidae,suture on supralabials,1
viperidae,lateral body pattern,1
viperidae,supraocular coronets (crowns),1
viperidae,purple-red marking,1
viperidae,fused first supralabial and nasal scale,1
viperidae,scales between the supraoculars in males (btwsupoc2),1
viperidae,eye in males (deye),1
viperidae,postocular white stripe in males (scroc),1
viperidae,scale reduction from 19 to 17 scale rows around the body (vs19to17),1
viperidae,scales bordering the supralabial scales in males (borsupoc),1
viperidae,keeled temporal scales in males (ktemp),1
viperidae,lateral white stripe in females,1
viperidae,scale between the nasal scale and the anterior edge of the pit (naspit),1
viperidae,scales bordering the supralabial scales in females (borsupoc),1
viperidae,sublabial scales in females (sublab),1
viperidae,keeled body scales at mid-body in females (bsck),1
viperidae,shape of the head,1
viperidae,cryptelytrops rubeus head,1
viperidae,scales between the rear edges of the supraoculars (btwsupoc2),1
viperidae,eye (deye),1
viperidae,postocular white stripe (scroc),1
viperidae,dorsal scale rows (dv19to17),1
viperidae,body scales at mid-body (bsck),1
viperidae,head length (lhead),1
viperidae,scales between the nasal scale and the scale bordering the anterior edge of the pit (naspit),1
viperidae,first dorsal scale row (scr1),1
viperidae,sublabial scales (sublab),1
viperidae,chin shields (ventedge),1
viperidae,temporal scales (ktemp),1
viperidae,tail scale rows (sc12o10),1
viperidae,body size,6
viperidae,maximum total length,2
viperidae,4th supralabials separation from suboculars,1
viperidae,small and thin body bands across body and tail,1
viperidae,tal/svl ratio,1
viperidae,sl/hl ratio,1
viperidae,ed/hl ratio,1
viperidae,dorsal figures,1
viperidae,figure edges,1
viperidae,rounded spots near base of figures,1
viperidae,spots between triangles and along sides,1
viperidae,dorsal triangles,1
viperidae,body sides,1
viperidae,lower mouth region,1
viperidae,size can reach,1
viperidae,upper part of cerebrum,1
viperidae,midbody dorsal scales,3
viperidae,male ventrals,2
viperidae,female ventrals,2
viperidae,"dark, narrow streak",1
viperidae,thermoreceptors,1
viperidae,scales on chin,1
viperidae,scale forming anterior border of facial pit,1
viperidae,series of light spots,1
viperidae,pigments forming patches,1
viperidae,head scales count,1
viperidae,intercanthal scales,3
viperidae,outer circumocular scales,1
viperidae,intersupraocular rows of scales,1
viperidae,dorsal zigzag blotches shape,1
viperidae,fusion of dorsal blotches,1
viperidae,fusion of the dorsal blotches,1
viperidae,mid-dorsal scale rows,3
viperidae,dorsal zigzag stripe,1
viperidae,nasal bone,1
viperidae,efs,1
viperidae,body length,2
viperidae,ventr.,1
viperidae,scd.,1
viperidae,sq.,1
viperidae,front part of the mouth,1
viperidae,coloring of the upper side of the body,1
viperidae,drawing of the head,1
viperidae,light spot,1
viperidae,dark ring-shaped part,1
viperidae,lateral arcs,1
viperidae,dorsal complex spot,1
viperidae,this complex,1
viperidae,abdomen,1
viperidae,dsr around neck,1
viperidae,talgtl ratio in males,1
viperidae,talgtl ratio in females,1
viperidae,supraciliary scales,1
viperidae,maximum transverse head scales,1
viperidae,suprarostral scales,1
viperidae,black marking location,1
viperidae,genetic divergence of mitochondrial gene cytochrome b,1
viperidae,dorsalia,1
viperidae,sub caudalia,1
viperidae,prälacunale and supralabiale relationship,1
viperidae,kopf shape,1
viperidae,internasalia,1
viperidae,canthalia and supraocularia relationship,1
viperidae,präokularia,1
viperidae,postocularia,1
viperidae,suboculare,1
viperidae,labialschilder,1
viperidae,gularia,1
viperidae,gl,1
viperidae,zähne im palatinum and ptergyoid,1
viperidae,grundfärbung,1
viperidae,vertebrallinie,1
viperidae,flecken,1
viperidae,kopfoberseite,1
viperidae,oberlippen und kopfunterseite,1
viperidae,bauch,1
viperidae,schwanz,1
viperidae,shape,1
viperidae,frontal plate size,1
viperidae,distance between supraoculars,1
viperidae,lacunolabials,2
viperidae, cloacal scute,1
viperidae,frontal plate,2
viperidae,scales that contact the supraoculars,1
viperidae,median frontal scale,1
viperidae,frontal scale,2
viperidae,adult size (males),1
viperidae,scales at intersupraocular row,1
viperidae,ventral scales (males),2
viperidae,ventral scales (females),2
viperidae,subcaudal scales (males),1
viperidae,anterior cephalic scales,2
viperidae,tail length in males (ratio tl/svl),1
viperidae,tail length in females (ratio tl/svl),1
viperidae,head length in males (ratio hl/tr),1
viperidae,head length in females (ratio hl/tr),1
viperidae,adult size in males,1
viperidae,subcaudal scales in males,2
viperidae,cytb haplotype,1
viperidae,internasal scales,6
viperidae,frontal scales,1
viperidae,internasal–prefrontal region and supraoculars color,1
viperidae,dorsal pattern color,1
viperidae,medial spots on anterior portion of body,1
viperidae,medial spots at midbody,1
viperidae,medial spots on posterior one-quarter of body,1
viperidae,paravertebral spots within each dorsal blotch,1
viperidae,proximal rattle segment color,1
viperidae,medial spot,1
viperidae,anterior dorsal blotches,1
viperidae,ventrals (in comparison with c. m. nigrescens and c. m. oaxacus),1
viperidae,head pigmentation,1
viperidae,size (compared to c. totonacus),1
viperidae,dorsal blotch pattern (compared to c. totonacus),1
viperidae,vertebral ridge (compared to c. totonacus),1
viperidae,bothriechis aurifer,1
viperidae,bothriechis bicolor,1
viperidae,bothriechis lateralis,1
viperidae,bothriechis marchi,1
viperidae,bothriechis nigroviridis,1
viperidae,bothriechis rowleyi,1
viperidae,bothriechis schlegelii,1
viperidae,bothriechis supraciliaris,1
viperidae,bothriechis thalassinus,1
viperidae,light areas of ground color,1
viperidae,bases of crossbands,1
viperidae,ventrolateral spots,1
viperidae,white markings,1
viperidae,light lines on sides of head's width,1
viperidae,upper light line on the sides of head's width,1
viperidae,lower light line on the sides of head's width,1
viperidae,white areas on supralabials,1
viperidae,light line on the supralabials,1
viperidae,solenoglyph teeth,1
viperidae,dorsal head,2
viperidae,body size (tl),1
viperidae,dorsal body and tail color,1
viperidae,viperid snake,1
viperidae,rows around the middle of the body,1
viperidae,black vertical stripes,1
viperidae,hypopophyses,1
viperidae,parapophyses,1
viperidae,parietale,1
viperidae,basisphenoid,1
viperidae,basioccipital,1
viperidae,medial process of the compound bone,1
viperidae,anterior dorsal scale rows,1
viperidae,ventral scales count,1
viperidae,mid-dorsal zig-zag band (nizb),1
viperidae,subcaudals coloration,1
viperidae,dorsal coloration of tail tip (dctt),1
viperidae,pileus coloration (pc),1
viperidae,head angle marks (dsha),1
viperidae,ventral scales counts,1
viperidae,subcaudal scale counts,1
viperidae,body blotches,1
viperidae,intercanthal presence,1
viperidae,undivided upper preocular,1
viperidae,tail (males),1
viperidae,tail (females),1
viperidae,divided upper preocular,1
viperidae,proximal rattle width,1
viperidae,interspaces between dorsal and lateral blotches,1
viperidae,proximal rattle and underside of tail,1
viperidae,anterior intercanthal,1
viperidae,mean number of ventrals,1
viperidae,mean number of subcaudals,1
viperidae,proportionately longer tail in males,1
viperidae,mean proximal rattle width,1
viperidae,mean number of dorsal blotches,1
viperidae,mean number of tail bands,1
viperidae,few ventrals in females,1
viperidae,mean number of ventrals in males,1
viperidae,mean number of  subcaudals in females,1
viperidae,proportionately shorter tail in females,1
viperidae,higher number of ventrals in males,1
viperidae,mean number higher in females,1
viperidae,proportionately smaller proximal rattle,1
viperidae,large anterior intercanthal,1
viperidae,large head plates in the parietal region,1
viperidae,ventrals and subcaudals,1
viperidae,"ventrals and subcaudals for southern china, vietnam, laos",1
viperidae,ventrals and subcaudals for malaysian peninsula,1
viperidae,ratio tal/tl in males,1
viperidae,ratio tal/tl in females,1
viperidae,sc in males,1
viperidae,sc in females,1
viperidae,head size in adults,1
viperidae,initial rattles,1
viperidae,scales between the prenasals and rostral,1
viperidae,middorsal blotches on the body,1
viperidae,base of supraocular,1
viperidae,scales between orbit and labials,1
viperidae,scales at sides,1
viperidae,scales from rostral to supraocular,1
viperidae,internasals bordering nasals,1
viperidae,supranasal,1
viperidae,scales behind intersnals,1
viperidae,scales between canthals,1
viperidae,canthal scales between nasal and preocular,1
viperidae,scales bordering pit,1
viperidae,ventral pit scale,1
viperidae,superciliary,1
viperidae,scales bordering eye,1
viperidae,scales between eye and labials,1
viperidae,scales on top of snout,1
viperidae,scales across top of head between supraocular horns,1
viperidae,chinshields,1
viperidae,scales rows,1
viperidae,light areas at sides of body between blotches,1
viperidae,edges of ventrals,1
viperidae,subcaudal surface,1
viperidae,throat,1
viperidae,supraocular of undulatus,1
viperidae,supraocular of sphenophrys,1
viperidae,scales on top of head in undulatus,1
viperidae,scales in row behind internasals,1
viperidae,scales between horns,1
viperidae,rows of scales between eye and labials,1
viperidae,scales between pit border scale and labials,1
viperidae,snake,1
viperidae,symmetrical plates on the upper head,1
viperidae,cloacal plate,2
viperidae,body crossbands,1
viperidae,coloration of crossbands,1
viperidae,horns between the nostrils,1
viperidae,scales between the rostral and first supralabial,1
viperidae,cross bar on the dorsal surface of the head,1
viperidae,concavity on the lateral wall of the braincase for the origin of the m. retractor pterygoidei,1
viperidae,mid-dorsal stripe,1
viperidae,semicircular markings immediately lateral to this stripe,1
viperidae,black middorsal marking on the head,1
viperidae,posteriorly notched scales,1
viperidae,facets on the frontals for articulation with the prefrontals,1
viperidae,subhorizontal ridge on the lateral surface of the prootic overhanging the foramen for the mandibular branch of the trigeminal nerve,1
viperidae,postorbital stripes color,1
viperidae,anterior dorsals,2
viperidae,midbody dorsals,3
viperidae,adult size,3
viperidae,rtl,1
viperidae,ground color pattern,1
viperidae,length of adults,1
viperidae,pitviper,1
viperidae,rows of irregular scales between suboculars and supralabials,1
viperidae,first dorsals,1
viperidae,second dorsals,1
viperidae,third dorsals,1
viperidae,perioculars,2
viperidae,rows of subocular scales,1
viperidae,dorsal zigzag,1
viperidae,number of subocular scales,1
viperidae,fragmentation of parietals,1
viperidae,number of apicals,1
viperidae,mitochondrial genes,1
viperidae,p-distance,1
viperidae,scales between the eyes and the supralabials,1
viperidae,caudals in males,2
viperidae,caudals in females,2
viperidae,blotches in median series,2
viperidae,dark lateral blotches,1
viperidae,total length of average adults,1
viperidae,sparse dark flecks,1
viperidae,body size (for males),1
viperidae,body size (for females),1
viperidae,body ground colour pattern,1
viperidae,ventral colour,1
viperidae,"labial, lateral and dorsal sides of head",1
viperidae,occipital and postorbital stripes,1
viperidae,dorsal zigzag pattern,1
viperidae,dorsal windings,1
viperidae,first three supralabials,1
viperidae,dorsal scale row,2
viperidae,ventrals for males,1
viperidae,ventrals for females,1
viperidae,subcaudals for males,1
viperidae,subcaudals for females,1
viperidae,bilateral pits,3
viperidae,cardinal crossbands on the back,1
viperidae,head shape (lateral view),1
viperidae,head shape (dorsal view),1
viperidae,black spots,1
viperidae,medium-sized pit viper,1
viperidae,cross-bands color,1
viperidae,cross-bands size,1
viperidae,head coloration,1
viperidae,tail to total length ratio in males,1
viperidae,tail to total length ratio in females,1
viperidae,stripes,1
viperidae,dark stripes,1
viperidae,nasorostral scales,3
viperidae,ultimate supralabial scale,1
viperidae,temporal scale rows,2
viperidae,adult body size,4
viperidae,interrictals in males,1
viperidae,specimens,1
viperidae,blackish brown spots,1
viperidae,round spots,1
viperidae,arched stripes,1
viperidae,vaporous black spots,1
viperidae,mid-body dorsal scales,3
viperidae,body coloration,2
viperidae,rows of small discrete spots on the back,1
viperidae,pairs of subcaudal scales,1
viperidae,lateral white line,1
viperidae,simple subcaudal scales,1
viperidae,small scales surrounding each eye,1
viperidae,dorsal coloration pattern,1
viperidae,sides dark spots,1
viperidae,ventral scale,1
viperidae,anterior chin-shields,1
viperidae,canthal + intersupraocular scales,1
viperidae,dorsal colour pattern,1
viperidae,snout-vent length (svl),1
viperidae,tail length (tal),2
viperidae,length of head,2
viperidae,width of head,2
viperidae,snout–vent length,1
viperidae,ventral side color,1
viperidae,midbody scales,2
viperidae,"loreals, apicals, and crown shields",1
viperidae,pre-ventrals,1
viperidae,shields around an eye,1
viperidae,zigzag wings,1
viperidae,color of males,1
viperidae,color of females,1
viperidae,zigzag,1
viperidae,belly color of females,1
viperidae,belly color of males,1
viperidae,dorsal color pattern,1
viperidae,lacunolabial scale,3
viperidae,subfoveal,1
viperidae,middorsal scales,2
viperidae,hemipenial lobes,3
viperidae,coloration of the body dorsal surface,1
viperidae,general coloration,1
viperidae,two pre- and two postoculars,1
viperidae,a large number of ventral scales (v+prev),1
viperidae,a large number of sub- caudal scales,1
viperidae,a large number of light bands around the body,1
viperidae,a large number of light bands around the body and the tail,1
viperidae,males' total length,1
viperidae,females' total length,1
viperidae,snout shape,3
viperidae,sides,1
viperidae,light areas between bands,1
viperidae,dorsal scales around mid-body,1
viperidae,dorsal scale,1
viperidae,dorsal scales around midbody,1
viperidae,dark transverse bands width,1
viperidae,dark transverse bands location,1
viperidae,lateral stripe on the outer posterior edges of ventrals,1
viperidae,sometimes the first dorsal scale row,1
viperidae,medial intercanthals,1
viperidae,scales between suboculars and 4th supralabial,1
viperidae,markings between the blotches,1
viperidae,rattles,1
viperidae,abdominal plates,2
viperidae,tail plates,1
viperidae,gap between labials and eye,1
viperidae,general appearance,1
viperidae,postocular line,1
viperidae,mid-dorsal scale count,1
viperidae,subcaudal scale count,1
viperidae,spines on hemipenes,1
viperidae,dorsal background coloration,1
viperidae,olive horn color transverse patches,1
viperidae,ventrolateral lines,1
viperidae,c-shaped pattern on occipital region of head,1
viperidae,prominent vertebral process,1
viperidae,scale tuberculations,2
viperidae,paravertebral stripes,3
viperidae,presupraloreal scale,1
viperidae,postloreal scale,1
viperidae,postsupraloreal scale,3
viperidae,contact between lacunal and supralabial scales,2
viperidae,contact between paravertebral stripes and supraocular scales,2
viperidae,dark prefrontal bar,2
viperidae,first infralabial scales,1
viperidae,postrostral scale,2
viperidae,prenasal-supralabial scales contact,2
viperidae,interpreocular scale,2
viperidae,anterior intersupraocular scales,1
viperidae,presupraloreal,1
viperidae,postloreal,1
viperidae,superciliar scale,2
viperidae,lacunal-supralabial scales contact,1
viperidae,dorsal body blotches in males,2
viperidae,dorsal body blotches in females,2
viperidae,contact between paravertebral stripes and supraoculars,1
viperidae,prefrontal bar,2
viperidae,color in life,2
viperidae,vertebral process,1
viperidae,length of paravertebral stripes,1
viperidae,first infralabial scale,1
viperidae,usually three anterior intersupraocular scales,1
viperidae,open presupraloreal,1
viperidae,postloreal scales,1
viperidae,tertiary blotches,1
viperidae,contact of paravertebral stripes with supraoculars,1
viperidae,dessus de la tête,1
viperidae,petit tubercule,1
viperidae,écailles sous-caudales,1
viperidae,rangs d’écailles dorsales à mi-corps,1
viperidae,ventrales et de sous-caudales,1
viperidae,trois suprarostrales,1
viperidae,deux écailles entre la nasale et l’oeil,1
viperidae,deux rangées d’écailles entre l’oeil et les supralabiales chez les femelles tandis que la deuxième rangée est absente chez les mâles,1
viperidae,yeux,2
viperidae,ventrales,2
viperidae,rangs de dorsales à mi-corps,1
viperidae,sous-caudales divisées,2
viperidae,rangs dorsaux à mi-corps,1
viperidae,nombre de rangs dorsaux,2
viperidae,contact de l’œil avec les supralabiales et le petit nombre de rangs dorsaux,1
viperidae,number of sous-oculaires,1
viperidae,cinq suprarostrales,1
viperidae,trois écailles entre la nasale et l’œil,1
viperidae,lance-head pattern on upper head surface,1
viperidae,vertical facial stripes,1
viperidae,dorsal body and tail,1
viperidae,each scale,1
viperidae,transverse blotches,1
viperidae,large ventrolateral blotches,1
viperidae,number of mid-body scale rows,1
viperidae,vertical stripes from eyes,1
viperidae,"higher numbers of ventrals, supralabials and infralabials",1
viperidae,1st supralabial fused with nasal,1
viperidae,orange to reddish stripe,1
viperidae,tail to total length ratio (tal/tl),1
viperidae,hemipenis reach,1
viperidae,tail shape,1
viperidae,svl (snout to vent length),1
viperidae,tal (tail length),1
viperidae,tl (total length),1
viperidae,hl (head length),1
viperidae,hw (head width),1
viperidae,# of ventral scales,1
viperidae,# of subcaudals scale,1
viperidae,# of dorsal scale rows,1
viperidae,pupil color,1
viperidae,dorsal tail,2
viperidae,lateral and ventral tail,1
viperidae,stripe on the ventral part of the tail,1
viperidae,cep,1
viperidae,“horns” above the eyes,1
viperidae,rows of scales between the eyes and supralabials,1
viperidae,conspicuous lateral and/or dorsal markings on the head,1
viperidae,interorbitals and interrictals,1
viperidae,background dorsal coloration,1
viperidae,large transverse dark markings,1
viperidae,rows of scales between eye and supralabials,1
viperidae,scales between the eye and the nasal,1
viperidae,maximum known total length,1
viperidae,relative tail length (tal/tl),1
viperidae,dorsal and ventral color,1
viperidae,supralabial streak in males,1
viperidae,supralabial streak border,1
viperidae,stripes along the sides of the tail,1
viperidae,mid-body scale rows,1
viperidae,transverse dark bands on skin,1
viperidae,lateral head color,1
viperidae,lateral head,2
viperidae,ventrolateral line of male color,1
viperidae,ventrolateral line of male,1
viperidae,ventral scale in males,1
viperidae,ventral scale in females,1
viperidae,subcaudal scale in males,1
viperidae,subcaudal scale in females,1
viperidae,papillae,1
viperidae,pupils,1
viperidae,tone coloration,1
viperidae,ventral color in t. albolabris,1
viperidae,dorsal tale stripe color,1
viperidae,first third of the body dorsals,1
viperidae,last third of the body dorsals,1
viperidae,lateral trapezoidal marks in each side,1
viperidae,post-orbital stripe,1
viperidae,background skin colouration,1
viperidae,suborbital stripe in males,1
viperidae,vertebral dots in males,1
viperidae,1st supralabial and nasal scale,1
viperidae,"snout, interorbital, temporal and occipital regions",1
viperidae,stripe under the loreal pit,1
viperidae,red bands,1
viperidae,underside of head,1
viperidae,third supralabial scale,1
viperidae,cheek stripe color,1
viperidae,midbody,1
viperidae,ventral side,1
viperidae,circum-body scales,1
viperidae,back,1
viperidae,lateral side,1
viperidae,anterodorsal head,1
viperidae,dorsomedial head,1
viperidae,prehensile tail,1
viperidae,eye with a distinct elliptical pupil,1
viperidae,svl of paratype,1
viperidae,tl of paratype,1
viperidae,dsr of paratype,1
viperidae,msr of paratype,1
viperidae,psr of paratype,1
viperidae,infralabial scales of paratype,1
viperidae,cryptic lineage,2
viperidae,c. malabaricus complex,1
viperidae,c. travancoricus sp. nov,1
viperidae,palghat gap,1
viperidae,periyar plateau,1
viperidae,gudrikal range,1
viperidae,devarmalai,1
viperidae,"dsr, msr, psr",1
viperidae,preoculars and postoculars,1
viperidae,temporals behind the oculars,1
viperidae,anterior scales,1
viperidae,posterior head scales,1
viperidae,lateral parts of the head,1
viperidae,underside,1
viperidae,caudal scales,1
viperidae,genetic divergence,1
viperidae,distribution,1
viperidae,holotype,1
viperidae,eyelid,1
viperidae,bventrals,1
viperidae,variations,1
viperidae,dorsal color of head,1
viperidae,subcaudal color,1
viperidae,genetic divergence at cyt b,1
viperidae,genetic divergence at16s,1
viperidae,elevations,1
viperidae,prehensile tail length (tl),1
viperidae,supraoculars length,1
viperidae,supraoculars width,1
viperidae,vertical diameter of the eye,1
viperidae,horizontal diameter,1
viperidae,head and dorsum colour,1
viperidae,ventrals colour,1
viperidae,the region where the ventrals meet the dorsum,1
viperidae,pre/postocular stripe,1
viperidae,metlapilcoatlus borealis,2
viperidae,tl males,1
viperidae,tl females,1
viperidae,rows of scales over the mid part of the body,1
viperidae,interoculabial,1
viperidae,shields at the sides of the body before the cloaca,1
viperidae,"cyt b at positions 21, 369, 378, nd4 at positions 192, 405, and 459",1
viperidae,m. borealis hemipenis,1
viperidae,base coloration,1
viperidae,dorsal and lateral blocks,1
viperidae,ventral coloration,1
viperidae,a pair of round spots on the parietal scales,1
viperidae,arched stripes on the occiput,1
viperidae,brown postorbital stripe,1
viperidae,triangular head,2
viperidae,background dorsal color,1
viperidae,variation in temporal scales,1
viperidae,urbacaudal scales in females,1
viperidae,total length ranges in adult females,1
viperidae,infralabials of the paratype,1
viperidae,svl in adults,1
viperidae,anterior intercanthals,1
viperidae,lacuno-labial,1
viperidae,subinfralabials in females,1
viperidae,subinfralabials in males,1
viperidae,symphyseal scale,1
viperidae,post foveals,1
viperidae,dorsals in anterior portion of body,1
viperidae,dorsals at midbody,1
viperidae,dorsals posteriorly,1
viperidae,lateral blotches,1
viperidae,rtl (relative tail length),1
viperidae,rhl (relative head length),1
viperidae,dorsal surface,3
viperidae,lateral markings,1
viperidae,occipital region and neck,1
viperidae,gular region,2
viperidae,postorbital stripes,2
viperidae,lateral blotches of body,1
viperidae,posterior dorsals,1
viperidae,marking on head,1
viperidae,color of supralabials and gulars,1
viperidae,color of venter,1
viperidae,lateral blotches of the body,1
viperidae,lateral markings (saddles),1
viperidae,dorsum of head,1
viperidae,ventrolateral stripe in t. medoensis,1
viperidae,ventrolateral stripe in t. yunnanensis,1
viperidae,dorsal scale rows at midbody in t. medoensis,1
viperidae,dorsal scale rows at midbody in t. yunnanensis,1
viperidae,palatine teeth in trimeresurus mayaae,1
viperidae,pterygoid teeth in trimeresurus mayaae,1
viperidae,divided subcaudal scales,1
viperidae,dorsal body,3
viperidae,head markings,1
viperidae,dorsolateral body,1
viperidae,ventrolateral body,1
viperidae,ventral tail,1
viperidae,ventrolateral tail,1
viperidae,canthorostral scales,2
viperidae,bifurcation point of hemipenial lobes,1
viperidae,hemipenial body,2
viperidae,lateral and mesial spines of the hemipenial body,1
viperidae,body surface,1
viperidae,ventral surface of the tail,2
viperidae,ventral ground color,1
viperidae,ventral surface of tail,2
viperidae,lateral surfaces of the head,1
viperidae,ocelli,1
viperidae,ventral surfaces of the head,2
viperidae,dorsal body surfaces,2
viperidae,body ventral surfaces,1
viperidae,tail ventral surface,1
viperidae,ventral scale counts in females and males,1
viperidae,supralacunal scale,1
viperidae,ornamentation near the apex of the hemipenial lobes,1
viperidae,bifurcation point of the hemipenial lobes,1
viperidae,sulcus spermaticus walls,1
viperidae,dark-brown bands and/or opposite or juxtaposed trapezoid-shaped blotches with paler centers on the dorsal side,1
viperidae,ventral surfaces of the tail,1
viperidae,ventral surfaces,1
viperidae,white-cream paraventral stripe,1
viperidae,ventral tail surface,1
viperidae,eye colour,1
viperidae,3rd supralabial,3
viperidae,tal/tl ratio,1
viperidae,scale edges,1
viperidae,separation between supraoculars,1
viperidae,tal/tl ratio in males,1
viperidae,tal/tl ratio in females,1
viperidae,gular scales in contact with the infralabial scales,1
viperidae,sublabial scales,1
viperidae,first temporal scale covered by the postocular stripe,1
viperidae,mid-body dorsal rows,1
viperidae,dorsal texture,1
viperidae,dark-coloured stripes,1
viperidae,ocular stripe,1
viperidae,crossbands on the dorsal surface,1
viperidae,subcaudal scale,1
viperidae,patches,1
viperidae,top and sides of the head color,1
viperidae,stripe from posterior eye to neck,1
viperidae,below head to chin shields color,1
viperidae,small spots on the dorsal surface of the tail,1
viperidae,first supralabial and nasal scales,1
viperidae,scale between nasal and the scale formed by the fused second supralabial and loreal,1
viperidae,lateral dorsal scale spots,2
viperidae,distance between eye and nostril,1
viperidae,shield bordering the anterior edge of loreal pit,1
viperidae,posterior subocular,1
viperidae,preoculars on each side of the head,1
viperidae,pairs of gulars,1
viperidae,scales on snout and in the interorbital region,1
viperidae,temporal and occipital scales,1
viperidae,dorsal scales in rows,1
viperidae,"maxilla, palatine, pterygoid, and dentary",1
viperidae,infralabials color,1
viperidae,ventral surface color,1
viperidae,anterior number of dorsal scale rows,1
viperidae,white vertebral spots,1
viperidae,number of dark bands on dorsum,1
viperidae,"t. ciliaris, t. kuiburi, t. venustus, t. kanburiensis",1
viperidae,faint transverse dark bands,1
viperidae,yellowish-green ventrolateral stripe,1
viperidae,dorsal body color in preservative,1
viperidae,ventral body color in preservative,1
viperidae,dorsal surface of the tail,1
viperidae,head color in preservative,1
viperidae,dorsal scale and scalation,1
viperidae,ventral scale and scalation,1
viperidae,subcaudal scalation,1
viperidae,head color in life,1
viperidae,iris color in life,1
