trait,count
'peanut' shape,1
10th and 11th marginals,2
10th dorsal rib,1
10th marginal,1
10th marginal scute,1
10th vertebral,1
11th marginal,1
11th pair of marginals equal or wider than 12th,1
12s rrna gene,5
13.5 cm,1
16.8 cm,1
1st and 4th vertebrals,1
1st and 5th vertebrals,2
1st neural shape,1
1st pair of pleurals,1
1st pleural scute,1
1st vertebral,9
1st vertebral length,1
1st vertebral margin,1
1st vertebral scute,1
1st vertebral scute shape,1
21.6 cm,1
2d and 3d vertebrals,1
2d neural bone,1
2d through 4th vertebrals,1
2d to 4th vertebrals,1
4th and 5th vertebrals,1
4th pleural scute,1
4th vertebral,2
4th vertebral covering,1
4th-6th neural bones,1
5th marginal scute,1
5th vertebral,10
5th vertebral length,1
6th vertebral,1
8th neural bone,1
8th pair of costals,1
9th pair of peripherals,1
abdl length,1
abdominal fontanelle,1
abdominal scute length,2
abdominal-femoral constriction,1
abdominals,1
absence or fading of circular spots,1
adenine (a),2
adult carapace,1
adult carapace color,2
adult carapace pattern,1
adult color pattern,1
adult coloration,1
adult colour,1
adult dorsal keels,1
adult head color,1
adult size,3
adult vertebral shape,1
adult vertebrals,1
affinities,1
alveolar ridge,3
alveolar ridge presence,1
anal notch,5
anal notch shape,2
anal notch size,2
anal scute notch,1
anal scute notching,1
anal scute separation,1
anal scutes,3
anal scutes projections,1
anl length,1
antcrior marginals but little everted,1
antebrachium scales,1
anterior and lateral marginals,1
anterior and posterior marginals,1
anterior border of fused hyo-hypoplastra,1
anterior border of the 4th,1
anterior bridge strut,1
anterior bridge struts,1
anterior carapace shape,1
anterior carapacial rim,2
anterior cornubranchiale shape,1
anterior hinge,1
anterior lobe,1
anterior lobe length,3
anterior lobe shape,1
anterior lobes of the plastron rounded,1
anterior marginal length,1
anterior marginal shape,1
anterior marginals,2
anterior movable lobe,1
anterior neck “v” divergence point,1
anterior orbito-nasal foramina size,1
anterior plastral lobe,1
anterior plastral lobe length,1
anterior plastral lobe size,1
anterior plastron shape,1
anterior rim,1
anterior sternal tubercle size,1
antero-medial row of tibial scales,1
anterodorsal head scale,1
anteromedial process,1
anteromedial row of tibial scales,1
appearance,1
areolae,1
areole,1
atlas (c1) length,1
atlas elements,1
atlas elongation,1
average mass,1
average size,1
axillaries,3
axillary,3
axillary and inguinal buttresses,4
axillary and inguinal contact,2
axillary and inguinal scutes,12
axillary and inguinal separation,1
axillary and marginal scutes size,1
axillary attachment,1
axillary buttress,2
axillary buttress attachment,1
axillary buttresses,2
axillary buttresses attachment,1
axillary scale,1
axillary scales,1
axillary scute,6
axillary scute presence,2
axillary scute width,1
axillary scutes,8
axillary-inguinal contact,1
b. heliostemma sp. nov.,1
b. raniceps,1
back color,1
back height,1
back of the young animal,1
back shape,1
barbels,14
basisphenoid,2
batrachemys,1
batrachemys heliostemma,1
beak,1
beak development,1
beak edge,1
beak shape,8
black,1
black bridge,1
black dots on chin pattern,2
black lines on head,1
black markings,1
black ovoid shape,1
black-edged sutures of plastral plates,1
blunt snout,1
body shape,1
body size,1
body skin color,1
bones at the rim,1
bony buttresses,1
bony carapace,1
bony snout,2
bony snout length,2
border color,1
bridge,18
bridge and marginal color,1
bridge and plastron,1
bridge blotches,1
bridge buttress,1
bridge color,14
bridge extent,1
bridge length,16
bridge shape,2
bridge size,1
bridge structure,1
bridge width,7
bright yellow coloration,1
bright yellow marking,1
bright yellow pigmentation,1
bright yellow stripe,1
bright yellow stripes,1
brown area in between these two stripes,1
brown bridge,1
brown or black mottling,1
brown to black carapace,1
brownish or blackish speckling,1
brownish-red blotch,1
buttock tubercles,5
buttress strength,1
buttresses,2
buttressing,1
callosities,4
caparace length,1
carapace,13
carapace and plastron,1
carapace and plastron color,2
carapace arching,1
carapace band,1
carapace border,3
carapace broadening,1
carapace color,103
carapace color (adult),1
carapace color comparison,1
carapace decoration,1
"carapace depressed, front elevated in male",1
carapace depression,2
carapace depth,2
carapace depth/length,1
carapace distinctly keeled,1
carapace dorsal shape,2
carapace dorsal surface,2
carapace elongation,1
carapace expansion,1
carapace features,8
carapace flattening,1
carapace flexibility,1
carapace groove,1
carapace ground color,1
carapace height,2
carapace highest point,1
carapace keel,6
carapace keel development,1
carapace keels,9
carapace lateral shape,1
carapace length,98
carapace length of japanese chinemys reeves,1
carapace length of largest known specimen,1
carapace margin reduction,1
carapace margins,1
carapace markings,3
carapace of male slightly saddle-shaped but broad,1
carapace ornamentation,1
carapace pattern,11
carapace periphery,1
carapace posterior,1
carapace posterior rim,3
carapace posterior serration,2
carapace posterior shape,1
carapace sculpturing,2
carapace scutes,5
carapace serrated,1
carapace serration,7
carapace shape,126
carapace shape (juveniles),1
carapace size,5
carapace spinose,1
carapace stripes,1
carapace surface,2
carapace texture,7
carapace widest point,7
carapace width,5
carapace width/length,1
carapacial bone granulation,1
carapacial bone surface,2
carapacial bones,5
carapacial caudal notch,2
carapacial color,6
carapacial coloration,1
carapacial ground color,1
carapacial length,4
carapacial opening,1
carapacial pattern,2
carapacial scale surface,1
carapacial scute overlap,1
carapacial scute surface,3
carapacial scutes,3
carapacial vertebral column,1
carapacial width,1
carotid canal,1
casque extensions,1
caudal notch size,1
caudal notch variation,1
caudal scute blotch,1
central blotch,1
central figure,1
central portion of carapace,1
central vertebral keel,1
cervical,2
cervical and vertebral scutes,1
cervical indentation,3
cervical notch,5
cervical region,2
cervical region indentation,1
cervical scute,21
cervical scute presence,2
cervical scute shape,2
cervical scute size,1
cervical size,1
cervical vertebrae elongation,1
cervical vertebrae length,2
chin,2
chin and throat color,1
chin barbels,6
chin color,3
chin grey brown,1
chin or neck barbels,1
chin pattern,1
choanae,1
choanæ presence,1
cl,2
claw distance,1
claw number,1
claw size,1
claws,1
cloacal bursae,2
color,5
color phases,1
color variation,1
coloration,7
colour,1
colouration,1
colouration and pattern of shell,1
common name,1
comparison with other species,1
complete internal seam,1
concave plastron,1
congeners,1
contrast,1
corpus hyoideum length,1
costal and peripheral bones,1
costal bones,4
costal mark formation,1
costal mark shape,1
costal meeting,2
costal number,1
costal pairs,3
costal reduction,1
costal scutes,2
costal separation,1
costal shape,2
costals,5
costals (last pair),1
cream-colored bridge,1
creamish or whitish ventral surface,1
crown color,1
crown markings,1
cyt b gene,1
cytosine (c),2
dark bar on the bridge,1
dark color,1
dark radiations,1
dark speckling on “light” (head and neck) stripes,2
dark spots on carapacial scutes,1
dark-brown or black vertebral and pleural,1
dark-brown to olive stripe,1
dentary bones,1
dentary symphysis,1
dermal scale on the frontals,2
diagnosis,1
diagnostic characters,4
"difference between percentages of heights at third vertebral and at nuchal notch 6 in male, 24 in female",1
different head pattern and coloration,1
diminished size of neck tubercles,1
distal caudal vertebrae,1
distal rib end of costal 1,2
distal rib end of costal 1 (apalachicolae),1
distinct head coloration,1
distinct pair of neck stripes,2
distinct peri-orbital ocelli,2
distinct vertebral groove,1
distinctive flecking pattern,1
distinctiveness from c. fimbriata,1
distribution,3
dna sequence,1
dome,1
"domed, hingeless carapace",1
dorsal coloration,1
dorsal head color,1
dorsal keel,1
dorsal scutes,1
dorsal shape,1
dorsal shields,1
dorsal spots,1
dorsal surface,2
dorsal vertebrae,1
dorsolateral keels,2
dorsum of head,1
dorsum of neck,1
dorsum of the head,1
dorsum pattern,1
drops abruptly,1
ear position,1
eggs,1
elbow mobility,1
eleventh marginal,1
eleventh marginal width,1
elliptical carapace,1
elseya latisternum similarity,1
elseya purvisi similarity,1
emargination,1
endochondral ribs resorption,1
enlarged blunt tubercles,1
enlarged conical tubercles,1
enlarged sub-conical tubercle,1
enlarged tough scute,1
entoplastral callosity size,1
entoplastron,7
entoplastron boomerang-shaped,1
entoplastron location,2
entoplastron position,1
entoplastron shape,1
epibranchials,1
epiplastra,8
epiplastra size,1
epipterygoid extension,1
ernst & barbour,1
ethmoid fissure,2
ethmoidalis fissure,1
exoccipital,1
eye,1
eye color,1
eye diameter,1
eye markings,1
eye position,2
eye shape,1
eye size,2
eyelid pigment,1
eyes,1
face color,1
face shape,1
facial scales,1
facial stripes,1
facial striping,1
female carapace color,1
female characteristics,2
female head,1
female plastron,2
female size,1
females,1
femoral excrescences,1
femoral mid-seam length,3
femoral scute length,1
fifth vertebral,2
fifth vertebral shield,1
first and second marginal plates size,1
first four vertebrals,1
first marginal,1
first neural bone,3
first pair of costal bones,1
first pair of costals,1
first vertebral,1
first vertebral scute,2
fixed portion of plastron,1
flatter shell,1
foramen praepalatinum obscuration,1
fore limb scales,1
fore lobe,2
fore lobe length,1
fore lobe shape,4
fore toe webbing,1
fore-limb scutes,1
forearm claws,3
forearm scales,4
foreclaw size,1
foreclaws,1
forefeet,1
forefoot claws,1
forefoot scale size,1
forefoot scales,1
forehead shape,1
forehead shields,1
foreleg scalation,1
foreleg scales,2
forelimb lamellae,2
forelimb length,1
forelimb scale size,1
forelimb webbing,1
forelimbs,1
forelobe,3
forelobe size,2
former distribution,1
fossil species,1
four claws on each forefoot,1
four claws on each forelimb,1
four distinct ocelli,1
four or fewer nasal stripes,1
fourth and rest of marginal plates size,1
fourth cervical vertebra biconvex,1
fourth vertebra size,1
free dorsal ribs,1
front and rear marginals,1
front cavity shape,1
front feet size,1
frontal and prefrontal scales,1
frontal bone,1
frontal bone orbit border,1
frontal bones,3
frontal scale,1
frontal scales,1
frontal scutes,1
frontal-temporal seam,2
g - ig scute sulcus length,1
gap,1
"general size moderate, straight length in male 35.25 inches, female 22.5 inches",1
genetic distinctiveness,1
geographic variation,2
granulations on carapacial bones,1
greater parietal roof width,1
greater width of the anterior plastral lobe,1
greatly expanded anteriorly plastron,1
growth annuli,8
growth annuli and radiations,1
guanine (g),2
gular,1
gular area,1
gular callosities,1
gular function,1
gular length,2
gular notch,1
gular plate orientation,1
gular plate shape,1
gular plate size,1
gular projections,1
gular region,1
gular scute,2
gular scute length,2
gular scutes,3
gular scutes length,1
gular shape,1
gular shields,1
gular shields in contact in front of the intergular,1
gular size,1
gulars,14
gulars paired,1
gulars projection,1
habitat,3
habitat preference,1
hard palate shape,1
hatchling,2
hatchling central figure,1
hatchling characters,1
hatchling color,2
hatchling coloration,1
hatchling head and neck color,1
hatchling head and neck stripes,3
hatchling mass,1
hatchling ocellate pattern,2
hatchling plastron color,2
hatchling shell color,2
hatchling shell mottling,1
hatchling throat color,2
hatchling throat pattern,1
hatchling weight,1
hatchlings,2
head,6
head abnormalities,1
head and limb color,2
head and neck color,5
head and neck length,3
head and neck pattern,2
head and neck stripes,4
head and neck underside color,1
head background color,1
head casque,1
head color,40
head color (females and juveniles),1
head color (males),1
"head color (males, sre ambel river system, cambodia)",1
head color background,1
head color pattern,1
head coloration,3
head contrast,1
head features,3
head olive clay-coloured,1
head pattern,3
head physiognomy,1
head robusticity,1
head scalation,1
head scale size,1
head scales,2
head shape,35
head shape (profile),1
head shield,5
head shield blotches,1
head shield color,2
head shield extension,1
head shield furrowing,1
head shield shape,1
head shield size,1
head shield width,1
head size,36
head skin,3
head skin color,1
head spots,1
head stripes,2
head surface,1
head width,4
head width to head length ratio,1
head withdrawal,1
"head, neck, and limbs color",3
heel color,1
"height at nuchal notch less than 41% of straight length (male 34, female 27%)",1
heliostemma,1
hexagonal neurals,1
hind leg shape,1
hind limb coverage,1
hind lobe,7
hind lobe contains,1
hind lobe length,2
hind lobe of plastron,1
hind lobe shape,5
hind lobe size,3
hind lobe width,1
hind marginals,1
hind toe webbing,1
hinder pair of callosities size,1
hindfoot heel scale size,1
hinge,6
hinge appearance,1
hinge flexibility,1
hinge location,1
hinge on the plastral forelobe,1
holotype,1
horny plate,2
horny scutes,1
horny upper jaw sheath,1
humeral plate orientation,1
humeral plate shape,1
humeral plate size,1
humero-pectoral seam,4
humero-pectoral seam angle,2
humeropectoral seam,1
humerus and femur,1
hybridization,2
hybrids,1
hyo-hypoplastra shape,1
hyo-hypoplastra size,1
hyo-hypoplastral and xiphiplastral callosities,1
hyolaryngeal assemblage,1
hyoplastra,2
hypo- and xiphiplastra,1
hypo-hypoplastra,1
hypo-hypoplastral callosity contact,1
hypoplastral bones,1
ih sulci length,1
ilium contact,1
immaculate,1
incubation period,1
inferior parietal process,1
inframarginal scales,1
inframarginal scutes,1
inframarginals,1
infraorbital stripe,1
infraorbital stripe extension,1
infraorbital stripe shape,1
infraorbital stripe width,1
infraorbital stripes,1
inguinal,3
inguinal and axillary buttresses,1
inguinal and axillary scutes,1
inguinal buttress,2
inguinal buttress attachment,1
inguinal buttresses,2
inguinal extension,1
inguinal margin,1
inguinal musk glands present,1
inguinal plate size,1
inguinal plates,2
inguinal scute,6
inguinal scute length,1
inguinal scute presence,1
inguinal scute size,5
inguinal scutes,3
inguinal size,1
inguinals,5
inner edges of hinder pair of callosities,1
inter-gular scute narrower than gulars,1
inter-orbital band,1
interabdominal seam length,2
interanal plastral seam,1
interanal seam,2
interanal seam length,3
interfemoral scute seam,1
interfemoral scute seam width,1
intergular,2
"intergular at least twice, or more than twice the length of the pectoral suture",1
intergular length,4
intergular scale size,1
intergular scute,2
intergular scute length,4
intergular scute shape,1
intergular scute size,1
intergular scute width,1
intergular seam length,1
intergular shield,1
intergular size,2
interhumeral and interpectoral seams ratio,1
interhumeral seam length,2
interlateral seam,1
intermaxillary foramen length,1
interorbital distance,1
interorbital groove,1
interorbital line,1
interorbital space,2
interorbital width,1
interorbital width to head width ratio,1
interpectoral seam length,1
introgression,1
ip sulcus length,1
iris color,13
iris color (males),1
iris ring,1
iris ring color,1
isolated population,1
isolation,1
jaw and chin color,1
jaw color,2
jaw coloration,1
jaw cutting surfaces,1
jaw features,2
jaw serration,2
jaw shape,1
jaw sheaths,1
jaw streaks,1
jaw surfaces,1
jaws,1
jaws and throat of female black,1
jet black stellate spots,1
jugal,2
jugal orbit entry,1
juvenile carapace,3
juvenile carapace color,1
juvenile carapace pattern,1
juvenile color pattern,2
juvenile coloration,3
juvenile dark spots,1
juvenile dorsal keels,1
juvenile fenestra,1
juvenile head color,1
juvenile head spots,1
juvenile keel,1
juvenile keels,1
juvenile pattern,2
juvenile scute pattern,1
juvenile shape,1
juvenile shell pattern,1
juvenile tubercles,1
juvenile vertebral shape,1
juvenile/female plastron,1
keel,1
keel color,1
keel development,1
keel height,1
keel location,1
keel presence,5
keel shape,1
keeled carapace,1
keels,4
knob color,1
lack of horizontal line in the iris,1
laminae,1
large black blotches,1
largest female,1
last pair of costal bones,1
lateral band color,1
lateral border shape,1
lateral borders of the carapace,1
lateral caroticum foramen size,1
lateral edge of head shield,1
lateral fontanelles,2
lateral keel,1
lateral keel length,1
lateral keels,8
lateral marginal shape,1
lateral marginal upturn,1
lateral marginals,11
lateral pattern,1
lateral plastral margins,1
lateral streaks,1
lateral stripes,1
lateral sulcus position,1
laterally directed eyes,1
leaf camouflage,1
leg color,1
legs olive,1
length,2
length of medial barbels,1
"length over curve in male 112%, female 126%",1
length/height ratio,1
less than half the forelobe length,1
light inner ring,1
light seams,1
limb abnormalities,1
limb and tail color,1
limb color,12
limb scales,2
limb shape,1
limb undersides,1
limb webbing,1
"limb, tail, and neck color",1
limbs,2
limbs and tail color,1
lingual ridge expansion,1
lingual ridge prominence,1
lip color,1
living conditions,1
living species distribution,1
long neck,1
longest and broadest vertebral,1
longest median suture,1
longitudinal keels,1
loreal stripe,1
lower 2/3 to 3/4 of the pleurals,1
lower body color,1
lower end of jugal,1
lower jaw,1
lower jaw alveolar surface,1
lower jaw color,1
lower jaw margins,1
lower jaw symphysis,1
lower marginal scutes,1
lower triturating surface,1
m1 and m2 size,1
m1-m2 seam,1
m1/m2 sulcus,1
m2,1
m2 size,1
m3-m7,1
m6,1
m7,1
m8,1
male and female size,1
male carapace color,1
male characteristics,2
male coloration,1
male femoral scutes,1
"male flat-backed, female dome-shaped",1
male plastron,3
male plastron shape,3
male size,2
male tail,1
male tail length,2
males,1
mandible,4
mandible color,1
mandible symphysial ridge,1
mandible ventral width,1
mandibular diameter,1
mandibular symphysis,3
mandibular symphysis diameter,1
mandibular symphysis width,1
manning river species similarity,1
marbled pattern,1
marbled with darker brown or black,1
margin recurvature,1
marginal 10,2
marginal 10 shape,1
marginal areolae,1
marginal border,2
marginal color,3
marginal corners,1
marginal count,1
marginal plates,2
marginal ridge,1
marginal scute blotch,1
marginal scute color,2
marginal scute equality,1
marginal scutes,3
marginal serration,3
marginal serrations,1
marginal shape,6
marginal stripe,1
marginal stripes,1
marginal undersides,1
marginal width,1
marginals,20
marginals 10 and 11,2
marginals 10-11,1
mass,1
mature condition,1
mature male plastron,1
max. tl,1
maxilla,1
maxilla color,1
maxilla contribution to palate,1
maxillae,1
maxillaries,1
maxillary tomial edge,1
maxillary triturating surface,2
maximal size,1
maximum carapace length,2
maximum known length,1
maximum length,1
maximum plastron length,1
maximum shell length,1
maximum size,9
maximum straight carapacial length,3
maximum tl,1
maximum weight,1
medial carapacial keel,1
medial depression,1
medial groove,2
medial keel,31
medial keel length,2
medial keel shape,1
medial process,1
medial stripe,2
medial vertebral keel,1
median keel,2
mesoplastra,3
middle of the fourth and eleventh,1
middorsal keel,1
midline (vertebral) carapacial pattern,1
midline (vertebral) carapacial stripe,1
midline carapacial pattern,1
midline carapacial stripe,1
mitochondrial genes,1
moderately deep body-form,1
moderately depressed head,1
moderately large size,1
molecular diagnosis,1
mouth,1
mouth color (males),1
mouth size,1
mouth-tympanum stripe,1
movable hinge,1
namoi river species difference,1
nasal stripes,1
nasal trident,1
naso-orbital triangular “figure”,2
neck,2
neck and limb undersides,1
neck barbels,3
neck color,7
neck dorsum,1
neck dorsum texture,1
neck features,1
neck length,4
neck morphology,1
neck scales,1
neck shape,1
neck skin,1
neck spotting,1
neck stripes,2
neck tubercles,1
neck with a wide yellow lateral band,1
"neck, limbs, and tail color",2
neural,3
neural 8,1
neural bone,3
neural bones,18
neural bones shape,1
neural characteristics,1
neural length,2
neural number,1
neural scute,1
neural shape,1
neurals,22
neurals 6 and 7,1
nictitating membrane,1
no scutes,1
nominate race,1
normal shell length,1
nose shape,1
nostril location,1
nostril shape,1
notch above the tail,1
nuchal,10
nuchal bone,5
nuchal scute,4
nuchal scute shape,1
nuchal shape,1
nuchal shield,2
nuclear genes,1
number of barbels,1
number of facial scales,1
number of keels,1
number of marginals,2
number of neural bones,1
number of neurals,1
number of pleurals,2
number of prefrontal scales,1
number of prefrontals,1
number of species,1
number of stripes,1
number of supracaudals,1
ocellar pattern,1
ocelli,4
ocelli (adult),1
ocelli color,1
olive to deep olive-green,1
opisthocoelous,1
opisthotic bones,1
opposed patches of horny scales,1
orbit size,1
orbit-tympanum stripe,1
orbital border,1
orbital stripe,1
orbital stripes,1
orbito-nasal foramen,2
orbito-nasal foramen location,1
oval,1
oval carapace,2
"oval, domed, unflared adult carapace",1
"oval, uniformly olive-gray, flattened adult carapace",1
overall color,2
overall coloration,1
paired barbels,3
paired gulars,1
palate and tongue color,1
palate color,2
palate shape,1
palate size,1
palatines,1
pale and greyish colouration,1
pale streak,1
pantropical distribution,1
paramedian neck stripes,2
parietal,1
parietal arch,1
parietal arch width,1
parietal crest,1
parietal roof width,1
parietals,2
parieto-squamosal arch,1
parieto-squamosal arches,1
pattern,1
pattern intensity,1
patternless carapace,1
pecl length,1
pectoral and abdominal scutes,1
pectoral midseam length,1
"pectoral plates much reduced, not meeting on mid-line",1
pectoral scute,2
pectoral scutes,9
pectoral-abdominal seam,1
pectorals,1
pelomedusa schweinfurthi,1
pelomedusa somalica,1
pelomedusa species,1
pelvis bone structure,1
penis length,1
penis shape,1
peri-orbital x pattern,2
peripheral 11,2
peripheral 11 (apalachicolae),1
peripheral bones,1
peripheral bones along the posterior rim,1
peripheral scutes,1
peripheral size,1
peripherals,2
plastral anterior lobe,2
plastral buttresses,3
plastral callosities,4
plastral callosity development,1
plastral color,1
plastral concavity,2
plastral figure,1
plastral figure size,1
plastral forelobe,1
plastral forelobe length,1
plastral forelobe width,1
plastral formula,72
plastral hind lobe,1
plastral hind lobe constriction,1
plastral hind lobe length,1
plastral hind lobe width,1
plastral hinge,3
plastral hinges,1
plastral lobes,1
plastral pattern,3
plastral posterior lobe,1
plastral scute blotches,1
plastral scute formula,2
plastral seam formula,1
plastral sulcus formula,1
plastral whorls,1
plastron,41
plastron and bridge color,21
plastron anterior lobe,3
plastron anterior lobe length,1
plastron attachment,1
plastron blotches,1
plastron bridges,2
plastron buttresses,2
plastron callosities,4
plastron color,70
plastron coloration,1
plastron connection to carapace,1
plastron coverage,2
plastron development,9
plastron emargination,1
plastron features,2
plastron formula,7
plastron hind lobe,1
plastron hind lobe shape,1
plastron hinge,2
plastron length,22
plastron lobe extent,1
plastron markings,1
plastron mobility,1
plastron movability,1
plastron notch,3
plastron notching,2
plastron opening,1
plastron pattern,5
plastron posterior lobe,2
plastron posterior lobe length,1
plastron posterior notch,1
plastron shape,38
plastron size,21
plastron spot,1
plastron spots,1
plastron suturation,2
plastron suture,1
plastron suturing,1
plastron type,1
plastron width,3
plastron yellowish white,1
"plastron, bridge, and undersides of the marginals color",2
"plastron, bridges, and undersides of the marginals color",1
pleu1l length,1
pleural 4 size,1
pleural areolae,1
pleural color,1
pleural scute #1 (p1) – vertebral scute #1 (v1) sulcus,1
pleural scute set 1,2
pleural scute set 1 (apalachicolae),1
pleural scutes,1
pleuralia,1
pleurals,3
"pointed, projecting corner",1
populations,1
post-orbital mark connection,1
post-orbital mark shape,1
postanal scutes,1
posterior anal notch,2
posterior border,1
posterior border of fused hyo-hypoplastra,1
posterior border of the anals,1
posterior bridge strut,2
posterior bridge strut articulation,1
posterior carapace,2
posterior carapace depression,1
posterior carapace margin,2
posterior carapacial marginals,1
posterior carapacial profile,1
posterior carapacial rim,1
posterior costals meet along the midline,1
posterior dorsal head skin,1
posterior extension of head shield,1
posterior head shield shape,1
posterior head skin,1
posterior hinge,2
posterior lobe,2
posterior lobe shape,4
posterior margin,2
posterior margin elevation,1
posterior margin of carapace,2
posterior margin of squamosal-opisthotic contact,1
posterior marginal border,1
posterior marginal features,1
posterior marginal flaring,3
posterior marginal rim,2
posterior marginal scutes,2
posterior marginal serration,2
posterior marginal shape,2
posterior marginal smoothness,1
posterior marginals,20
posterior medial keels,1
posterior nares size,1
posterior neck “v” divergence point,1
posterior neural bones,1
posterior notch,4
posterior notch shape,1
posterior plastral lobe,2
posterior plastral lobe size,1
posterior plastral notch,2
posterior portion,1
posterior portion of carapace,1
posterior portion of first four vertebral scutes,1
posterior projection,1
posterior projection of the squamosal,2
posterior projection of the squamosal (apalachicolae),1
posterior projections,2
posterior rim,4
posterior rim shape,1
posterior serration,1
posterior serrations,1
posterior slope,1
posterior-center blotch,1
posteriormost marginals,1
postero-dorsal rim of the tympanum,1
posteromedial process,1
postlagenar hiatus,2
postocular scale,1
postocular scales,1
postorbital bar,1
postorbital blotches,1
postorbital bone,1
postorbital stripe,1
ppll length,1
"pre-, sub- and postocular stripes",1
preamaxillae,1
precentral scute,1
prefrontal,1
prefrontal bones,1
prefrontal scale,1
prefrontal scale size,1
prefrontal scales,2
prefrontal-vomer contact,1
prefrontals,1
premaxillae,1
preneural,1
preneural and neural bone,1
preneural and neural bones,1
preneural bone,3
prenuchal,2
prenuchal bone,2
preplastra,9
preplastra shape,1
preplastra size,1
presence of disrupted keel,1
presence of elongated cervical,1
presence of reverted supracaudal scute,1
proboscis length,2
processus trochlearis oticum,2
prootic bone exposure,1
proportion,1
protuberances,1
proximal suture of strut,1
pterygoid and palatine bones,1
pupil color,1
pygal,2
pygal (apalachicolae),1
quadrate,1
quadrate bone enclosure of stapes,1
quadratojugal,1
quadratojugal and maxilla,1
radiating costal stripes,2
ragged rays,1
ray pattern,1
recognition,2
red-brown blotch,1
reddish white,1
reference alignment,2
reference alignment length,1
reproductive isolation,1
reticulations,1
rib tips,1
ribs one and ten,1
rigid abdominal scute length,1
ring-shaped skin around eyes,1
rlatk value,1
roastral shield,1
rostral scale,1
rostral scale shape,1
rostral shield,1
rostral shield shape,1
rough patch of scales,1
row of inframarginals,1
scl,2
sclera color,4
scute border,1
scute coloration,1
scute growth lines,1
scute imbrication,1
scute markings,1
scute overlap,1
scute surface,1
scutes,3
seam between anal scutes,1
seam between vertebrals 3 and 4,1
seam borders,1
seam length,2
second vertebral shield,1
second yellow stripe,1
senescent male carapace shape,1
senescent male vertebral keel,1
separate species,1
serrated margin persistence,1
sexes,1
sexual dichromatism,1
sexual dimorphism,8
shallow anal notch,1
shell abnormalities,1
shell bones,1
shell color,5
shell curvature,1
shell depression,1
shell depth,1
shell elevation,1
shell elongation,1
shell height,2
shell length,1
shell morphology and development,1
shell outline,1
shell posterior border,1
shell shape,11
shell thickness,1
shell width,1
shield color,1
shortest and narrowest vertebral,1
sides,1
single small axillary and one or two larger inguinal scutes,1
size,17
skin,1
skin color,3
skin flaps,1
skull,6
skull anterior,1
skull elongation,1
skull features,2
skull length,1
skull narrowing,1
skull robustness,1
skull shape,7
skull size,6
skull temporal arch,1
skull width,1
small,2
small adult size,1
small to medium-sized,1
smaller flat tubercles,1
smooth,1
smoothshelled,1
snout length,7
snout orientation,1
snout shape,50
snout spot,1
snout stripes,1
soft part color,1
soft parts,5
soft parts color,4
"solid, hingeless, cream-colored plastron",1
space between plastron and carapace,1
spine at the posterior margin of each pleural scute,1
spinelike posterior projection,1
spinelike projection,1
splenial bone,2
spot location,1
spots,2
spots (adult),1
spots on carapace,3
squamosal,2
squamosal bones,1
sternal callosities,1
sternum and under side of margin,1
sternum shape,1
sternum size,1
straight,1
straight carapacial length,1
straw yellow,1
streaks,1
stripes or light spots,1
strongly convex carapace,1
subadults and adults,1
subgenus chelodina,1
submarginal scutes,2
subocular stripe,1
subsidiary tubercles,1
subspecies,3
supporting information,1
supraangular process presence,1
supracaudal,9
supracaudal marginals,1
supracaudal plates,1
supracaudal scute,3
supracaudals,2
supralabial scale,1
supraoccipital,1
supraocular stripe,2
supraorbital stripe,1
suprapygal,1
suprapygal bone,1
suprapygal bones,1
supratemporal stripes,1
supratympanic scale,1
suture color,1
suture lines may disappear with age,1
suture with pleural 1,1
sutures,1
sympatric,1
symphysial ridge,2
symphysis ridge,1
tail,3
tail color,4
tail color pattern,1
tail features,1
tail length,9
tail marginals,1
tail shape,4
tail shape (female),1
tail spine,2
tail spur,1
temple spot,1
temporal arch,2
temporal head scale,3
temporal head scales,1
temporal region,1
temporal region color,1
temporal scale,4
temporal scales,3
temporal scutes,1
temporal stripe,2
ten hatchlings,1
tenth marginal,1
tenth marginal scute,1
terminal spine,2
thick shell,1
thigh and crus scales,1
thinness of the scutes,1
third marginal plate size,1
third vertebral shield,1
throat and sides of neck,1
throat color,1
throat color pattern,1
throat dark grey,1
throat pattern,1
thymine (t),2
tibial scales,1
tl,3
toe webbing,1
toes,1
toes webbing,1
tongue color,2
toothlike projection presence,1
top scutes,1
tortoise-shell pattern,1
transverse hinge,1
transverse processes of cervical vertebrae,2
trident marking,1
triturating surface,5
triturating surface of the maxilla,1
triturating surface ridges,1
triturating surface shape,1
triturating surfaces,2
triturating surfaces of the jaws,1
tubercles,8
tubercles (adult),1
tubercles on carapace,1
twelve pairs of marginals,1
two pairs of chin barbels,1
two small white barbels,1
two suprapygals,1
tympanic color,1
tympanic region color,1
tympanic ring,1
tympanic width,1
tympanum color,1
type locality,1
underside of neck color,1
underside of the leathery margin,1
undersides of chin and neck color,1
undersides of the marginals,1
unequal tubercular scales,1
uniform dirty yellow,1
unkeeled,1
unserrated,1
upper and lower jaws,1
upper eyelid scales,1
upper jaw,6
upper jaw color,2
upper jaw cusps,1
upper jaw medial notch,1
upper jaw profile,1
upper jaw shape,28
upper mandible color,1
upper shell color,1
upper shell reticulations,1
upper surfaces of the marginals,1
v1 scute,1
v1-c1 scute seams,1
v1-p1 sulcus,1
v2 shape,1
vague zonary patterning,1
vent location,1
ventral coloration,2
ventral extension of head shield,1
vert5l length,1
vertebral 1,10
vertebral 1 shape,4
vertebral 1 size,1
vertebral 1 touches 2d marginals,1
"vertebral 1, 2, and 5",1
"vertebral 1, 2, and 5 size",1
"vertebral 1, 3, and 4",2
"vertebral 1, 3, and 5 shape",1
"vertebral 1, 4, and 5",1
vertebral 1-3,3
vertebral 2,1
vertebral 2 and 3,2
vertebral 2 and 5,2
vertebral 2 shape,2
vertebral 2 size,1
vertebral 2-4,3
vertebral 2-4 size,1
vertebral 2-5 shape,2
vertebral 3,2
vertebral 3 and 4,1
vertebral 3 and 4 size,1
vertebral 3 shape,1
vertebral 3-5 shape,1
vertebral 4,9
vertebral 4 and 5,1
vertebral 4 shape,2
vertebral 4 size,1
vertebral 5,9
vertebral 5 shape,3
vertebral and pleural areolae,1
vertebral and pleural areolae color,1
vertebral and pleural areole,1
vertebral column shape,1
vertebral depression,1
vertebral keel,15
vertebral keel presence,1
vertebral keeling,1
vertebral length,2
vertebral line,1
vertebral plates,1
vertebral projection,1
vertebral scute,1
vertebral scute length/width,1
vertebral scute shape,3
vertebral scute size,1
vertebral scutes,9
vertebral scutes 1-4,1
vertebral shape,13
vertebral shields,1
vertebral size,3
vertebral spines,1
vertebral stripe,1
vertebral width,1
vertebral width and length,1
vertebrals,23
vertebrals 1 and 5,1
vertebrals 1-4,1
vertebrals 2-4,3
vertebrals 2-4 shape,1
vertebrals 2-5,3
vertebrals 2-5 size,1
vertebrals and laterals,1
vertical distance from lower surface of plastron to lower edge of lateral marginals small,1
vomer and pterygoid contact,1
vomer contact,1
vomer shape,1
vomer-palatine contact,1
vomer-pterygoid contact,1
webbing,1
weight,4
western and northwestern parts of the range,1
white,1
white barbels,1
white blotches,1
white bridge,1
white marking,1
xiphiplastra,2
xiphiplastra contact,1
yellow band,1
yellow bridge,1
yellow line,2
yellow line branching,1
yellow longitudinal spot,1
yellow or orange bands,1
yellow orange stripes,1
yellow pigment bar length,1
yellow pigment bar location,1
yellow plastron,1
yellow seam lines,1
yellow spot,1
yellow stripes,2
yellow to brown,1
yellow to cream-colored stripe,1
yellow to red marks,1
yellow-greyish dots,1
yellowish horny sheath,1
yellowish orange stripes,1
yellowish seam,1
yellowish stripe,1
yellowish white,1
young adult male shell depth,1
young adult male shell size,1
young adult male skin color,1
young adult plastron color,1
young adult shell pattern,1
young carapace,1
young coloration,1
young description,1
young head features,1
young individual markings,1
